video_id,ventana_id,t_inicio,t_fin,num_frames,ruta_video,nivel,
1,0,0.01,12.26,150,ventanas\1\ventana_0.mp4,0,
1,1,12.26,17.47,150,ventanas\1\ventana_1.mp4,-1,
1,2,17.47,22.75,150,ventanas\1\ventana_2.mp4,-1,
1,3,22.75,28.56,150,ventanas\1\ventana_3.mp4,-2,
1,4,28.56,33.9,150,ventanas\1\ventana_4.mp4,-2,
1,5,33.9,39.06,150,ventanas\1\ventana_5.mp4,-2,
1,6,39.06,44.74,150,ventanas\1\ventana_6.mp4,-2,
1,7,44.74,50.21,150,ventanas\1\ventana_7.mp4,-3,
1,8,50.21,55.6,150,ventanas\1\ventana_8.mp4,-1,
1,9,55.6,61.17,150,ventanas\1\ventana_9.mp4,-1,
1,10,61.17,66.94,150,ventanas\1\ventana_10.mp4,-1,
1,11,66.94,72.5,150,ventanas\1\ventana_11.mp4,-3,
1,12,72.5,77.81,150,ventanas\1\ventana_12.mp4,-2,
1,13,77.81,83.06,150,ventanas\1\ventana_13.mp4,-1,
1,15,88.43,93.63,150,ventanas\1\ventana_15.mp4,-2,
1,18,104.74,109.97,150,ventanas\1\ventana_18.mp4,0,
1,19,109.97,115.23,150,ventanas\1\ventana_19.mp4,0,
1,20,115.23,120.93,150,ventanas\1\ventana_20.mp4,0,
1,21,120.93,126.69,150,ventanas\1\ventana_21.mp4,0,
1,22,126.69,132.26,150,ventanas\1\ventana_22.mp4,0,
1,23,132.26,137.76,150,ventanas\1\ventana_23.mp4,0,
10,0,0,10.27,150,ventanas\10\ventana_0.mp4,0,
10,1,10.27,15.41,150,ventanas\10\ventana_1.mp4,-3,
10,2,15.41,20.7,150,ventanas\10\ventana_2.mp4,-4,
10,3,20.7,26.22,150,ventanas\10\ventana_3.mp4,-2,
10,4,26.22,31.49,150,ventanas\10\ventana_4.mp4,-3,
10,5,31.49,36.77,150,ventanas\10\ventana_5.mp4,-2,
10,6,36.77,42.03,150,ventanas\10\ventana_6.mp4,-1,
10,7,42.03,47.39,150,ventanas\10\ventana_7.mp4,-2,
10,8,47.39,52.75,150,ventanas\10\ventana_8.mp4,0,
10,9,52.75,58.22,150,ventanas\10\ventana_9.mp4,0,
10,10,58.22,63.52,150,ventanas\10\ventana_10.mp4,0,
10,11,63.52,68.91,150,ventanas\10\ventana_11.mp4,-1,
10,13,74.38,79.68,150,ventanas\10\ventana_13.mp4,4,
10,14,79.68,84.82,150,ventanas\10\ventana_14.mp4,5,
10,15,84.82,90.05,150,ventanas\10\ventana_15.mp4,4,
10,16,90.05,95.41,150,ventanas\10\ventana_16.mp4,5,
10,17,95.41,100.61,150,ventanas\10\ventana_17.mp4,5,
10,18,100.61,105.94,150,ventanas\10\ventana_18.mp4,2,
10,19,105.94,111.34,150,ventanas\10\ventana_19.mp4,2,
10,20,111.34,116.67,150,ventanas\10\ventana_20.mp4,1,
10,21,116.67,122.06,150,ventanas\10\ventana_21.mp4,2,
10,22,122.06,127.57,150,ventanas\10\ventana_22.mp4,3,
10,23,127.57,132.9,150,ventanas\10\ventana_23.mp4,-1,
10,24,132.9,138.13,150,ventanas\10\ventana_24.mp4,2,
11,0,0.01,13.2,150,ventanas\11\ventana_0.mp4,0,
11,1,13.2,18.46,150,ventanas\11\ventana_1.mp4,-1,
11,2,18.46,23.7,150,ventanas\11\ventana_2.mp4,0,
11,3,23.7,28.99,150,ventanas\11\ventana_3.mp4,-1,
11,4,28.99,34.35,150,ventanas\11\ventana_4.mp4,-1,
11,5,34.35,39.66,150,ventanas\11\ventana_5.mp4,0,
11,6,39.66,45.02,150,ventanas\11\ventana_6.mp4,0,
11,7,45.02,50.42,150,ventanas\11\ventana_7.mp4,-1,
11,8,50.42,55.74,150,ventanas\11\ventana_8.mp4,-1,
11,9,55.74,60.94,150,ventanas\11\ventana_9.mp4,-1,
11,10,60.94,66.32,150,ventanas\11\ventana_10.mp4,0,
11,11,66.32,71.55,150,ventanas\11\ventana_11.mp4,-2,
11,12,71.55,76.94,150,ventanas\11\ventana_12.mp4,-1,
11,13,76.94,82.18,150,ventanas\11\ventana_13.mp4,3,
11,14,82.18,87.47,150,ventanas\11\ventana_14.mp4,3,
11,15,87.47,92.77,150,ventanas\11\ventana_15.mp4,3,
11,16,92.77,98.21,150,ventanas\11\ventana_16.mp4,1,
11,17,98.21,103.63,150,ventanas\11\ventana_17.mp4,1,
11,18,103.63,108.94,150,ventanas\11\ventana_18.mp4,1,
11,19,108.94,114.21,150,ventanas\11\ventana_19.mp4,0,
11,20,114.21,119.6,150,ventanas\11\ventana_20.mp4,1,
11,21,119.6,125.07,150,ventanas\11\ventana_21.mp4,1,
11,22,125.07,130.53,150,ventanas\11\ventana_22.mp4,1,
11,23,130.53,135.94,150,ventanas\11\ventana_23.mp4,1,
12,0,0.01,12.27,150,ventanas\12\ventana_0.mp4,0,
12,1,12.27,17.73,150,ventanas\12\ventana_1.mp4,-3,
12,2,17.73,23.07,150,ventanas\12\ventana_2.mp4,-2,
12,3,23.07,28.77,150,ventanas\12\ventana_3.mp4,-1,
12,4,28.77,34.27,150,ventanas\12\ventana_4.mp4,-4,
12,5,34.27,39.79,150,ventanas\12\ventana_5.mp4,-2,
12,6,39.79,45.23,150,ventanas\12\ventana_6.mp4,-5,
12,7,45.23,50.56,150,ventanas\12\ventana_7.mp4,-2,
12,8,50.56,56,150,ventanas\12\ventana_8.mp4,-3,
12,9,56,61.49,150,ventanas\12\ventana_9.mp4,-1,
12,10,61.49,66.93,150,ventanas\12\ventana_10.mp4,-1,
12,11,66.93,72.35,150,ventanas\12\ventana_11.mp4,-3,
12,12,72.35,77.62,150,ventanas\12\ventana_12.mp4,-1,
12,14,82.91,88.26,150,ventanas\12\ventana_14.mp4,2,
12,15,88.26,93.58,150,ventanas\12\ventana_15.mp4,2,
12,16,93.58,98.98,150,ventanas\12\ventana_16.mp4,2,
12,17,98.98,104.51,150,ventanas\12\ventana_17.mp4,1,
12,18,104.51,109.81,150,ventanas\12\ventana_18.mp4,1,
12,19,109.81,115.31,150,ventanas\12\ventana_19.mp4,2,
12,20,115.31,120.74,150,ventanas\12\ventana_20.mp4,2,
12,21,120.74,126.51,150,ventanas\12\ventana_21.mp4,1,
12,22,126.51,132.06,150,ventanas\12\ventana_22.mp4,0,
12,23,132.06,137.47,150,ventanas\12\ventana_23.mp4,1,
13,0,0,10.19,150,ventanas\13\ventana_0.mp4,0,
13,1,10.19,15.42,150,ventanas\13\ventana_1.mp4,-2,
13,2,15.42,20.62,150,ventanas\13\ventana_2.mp4,-1,
13,3,20.62,25.92,150,ventanas\13\ventana_3.mp4,-1,
13,4,25.92,31.15,150,ventanas\13\ventana_4.mp4,-2,
13,5,31.15,36.48,150,ventanas\13\ventana_5.mp4,-1,
13,6,36.48,41.79,150,ventanas\13\ventana_6.mp4,0,
13,7,41.79,47.02,150,ventanas\13\ventana_7.mp4,0,
13,8,47.02,52.29,150,ventanas\13\ventana_8.mp4,0,
13,9,52.29,57.62,150,ventanas\13\ventana_9.mp4,0,
13,10,57.62,62.85,150,ventanas\13\ventana_10.mp4,-1,
13,11,62.85,68.11,150,ventanas\13\ventana_11.mp4,0,
13,12,68.11,73.31,150,ventanas\13\ventana_12.mp4,0,
13,13,73.31,78.61,150,ventanas\13\ventana_13.mp4,1,
13,14,78.61,83.9,150,ventanas\13\ventana_14.mp4,2,
13,15,83.9,89.14,150,ventanas\13\ventana_15.mp4,2,
13,16,89.14,94.37,150,ventanas\13\ventana_16.mp4,1,
13,17,94.37,99.6,150,ventanas\13\ventana_17.mp4,0,
13,18,99.6,104.93,150,ventanas\13\ventana_18.mp4,1,
13,19,104.93,110.24,150,ventanas\13\ventana_19.mp4,0,
13,20,110.24,115.63,150,ventanas\13\ventana_20.mp4,2,
13,21,115.63,121.02,150,ventanas\13\ventana_21.mp4,1,
13,22,121.02,126.26,150,ventanas\13\ventana_22.mp4,1,
13,23,126.26,131.49,150,ventanas\13\ventana_23.mp4,0,
13,24,131.49,136.75,150,ventanas\13\ventana_24.mp4,0,
15,0,0.01,15.3,150,ventanas\15\ventana_0.mp4,0,
15,1,15.3,20.67,150,ventanas\15\ventana_1.mp4,-1,
15,2,20.67,26.06,150,ventanas\15\ventana_2.mp4,0,
15,3,26.06,31.33,150,ventanas\15\ventana_3.mp4,-2,
15,4,31.33,36.66,150,ventanas\15\ventana_4.mp4,-2,
15,5,36.66,42.19,150,ventanas\15\ventana_5.mp4,-2,
15,6,42.19,47.52,150,ventanas\15\ventana_6.mp4,-1,
15,7,47.52,52.86,150,ventanas\15\ventana_7.mp4,-1,
15,8,52.86,58.13,150,ventanas\15\ventana_8.mp4,0,
15,9,58.13,63.39,150,ventanas\15\ventana_9.mp4,0,
15,10,63.39,68.69,150,ventanas\15\ventana_10.mp4,0,
15,12,74.11,79.34,150,ventanas\15\ventana_12.mp4,-1,
15,13,79.34,84.72,150,ventanas\15\ventana_13.mp4,0,
15,14,84.72,90.05,150,ventanas\15\ventana_14.mp4,1,
15,15,90.05,95.22,150,ventanas\15\ventana_15.mp4,0,
15,16,95.22,100.38,150,ventanas\15\ventana_16.mp4,0,
15,17,100.38,105.68,150,ventanas\15\ventana_17.mp4,0,
15,18,105.68,111.07,150,ventanas\15\ventana_18.mp4,0,
15,19,111.07,116.54,150,ventanas\15\ventana_19.mp4,0,
15,20,116.54,121.81,150,ventanas\15\ventana_20.mp4,0,
15,21,121.81,127.04,150,ventanas\15\ventana_21.mp4,0,
15,22,127.04,132.3,150,ventanas\15\ventana_22.mp4,0,
15,23,132.3,137.6,150,ventanas\15\ventana_23.mp4,0,
15,24,137.6,142.86,150,ventanas\15\ventana_24.mp4,0,
16,0,0.01,13.44,150,ventanas\16\ventana_0.mp4,0,
16,1,13.44,18.93,150,ventanas\16\ventana_1.mp4,-2,
16,2,18.93,24.4,150,ventanas\16\ventana_2.mp4,-2,
16,3,24.4,30.03,150,ventanas\16\ventana_3.mp4,-1,
16,4,30.03,35.52,150,ventanas\16\ventana_4.mp4,-3,
16,5,35.52,41.23,150,ventanas\16\ventana_5.mp4,-3,
16,6,41.23,46.59,150,ventanas\16\ventana_6.mp4,-2,
16,7,46.59,52.16,150,ventanas\16\ventana_7.mp4,-3,
16,8,52.16,57.68,150,ventanas\16\ventana_8.mp4,-4,
16,10,63.06,68.66,150,ventanas\16\ventana_10.mp4,-3,
16,11,68.66,73.98,150,ventanas\16\ventana_11.mp4,-3,
16,14,84.98,90.35,150,ventanas\16\ventana_14.mp4,0,
16,15,90.35,95.74,150,ventanas\16\ventana_15.mp4,0,
16,16,95.74,101.17,150,ventanas\16\ventana_16.mp4,0,
16,17,101.17,106.67,150,ventanas\16\ventana_17.mp4,0,
16,18,106.67,112.21,150,ventanas\16\ventana_18.mp4,0,
16,19,112.21,117.57,150,ventanas\16\ventana_19.mp4,0,
16,20,117.57,122.93,150,ventanas\16\ventana_20.mp4,0,
16,21,122.93,128.37,150,ventanas\16\ventana_21.mp4,0,
16,22,128.37,133.87,150,ventanas\16\ventana_22.mp4,0,
16,23,133.87,139.23,150,ventanas\16\ventana_23.mp4,0,
17,0,0.01,11.26,150,ventanas\17\ventana_0.mp4,0,
17,1,11.26,16.5,150,ventanas\17\ventana_1.mp4,-3,
17,2,16.5,21.92,150,ventanas\17\ventana_2.mp4,-2,
17,3,21.92,27.36,150,ventanas\17\ventana_3.mp4,0,
17,4,27.36,32.62,150,ventanas\17\ventana_4.mp4,0,
17,5,32.62,37.86,150,ventanas\17\ventana_5.mp4,0,
17,6,37.86,43.25,150,ventanas\17\ventana_6.mp4,-1,
17,7,43.25,48.78,150,ventanas\17\ventana_7.mp4,0,
17,8,48.78,54.32,150,ventanas\17\ventana_8.mp4,0,
17,9,54.32,59.95,150,ventanas\17\ventana_9.mp4,-1,
17,10,59.95,65.18,150,ventanas\17\ventana_10.mp4,-1,
17,11,65.18,70.61,150,ventanas\17\ventana_11.mp4,0,
17,14,81.31,86.7,150,ventanas\17\ventana_14.mp4,5,
17,15,86.7,92.03,150,ventanas\17\ventana_15.mp4,4,
17,16,92.03,97.26,150,ventanas\17\ventana_16.mp4,4,
17,17,97.26,102.56,150,ventanas\17\ventana_17.mp4,5,
17,18,102.56,108.1,150,ventanas\17\ventana_18.mp4,0,
17,19,108.1,113.39,150,ventanas\17\ventana_19.mp4,0,
17,20,113.39,118.62,150,ventanas\17\ventana_20.mp4,0,
17,21,118.62,124.03,150,ventanas\17\ventana_21.mp4,1,
17,22,124.03,129.3,150,ventanas\17\ventana_22.mp4,0,
17,23,129.3,134.66,150,ventanas\17\ventana_23.mp4,0,
17,24,134.66,139.89,150,ventanas\17\ventana_24.mp4,0,
18,1,11.3,16.77,150,ventanas\18\ventana_1.mp4,-1,
18,2,16.77,22.27,150,ventanas\18\ventana_2.mp4,0,
18,3,22.27,27.42,150,ventanas\18\ventana_3.mp4,-1,
18,4,27.42,32.69,150,ventanas\18\ventana_4.mp4,-1,
18,5,32.69,38.03,150,ventanas\18\ventana_5.mp4,0,
18,6,38.03,43.33,150,ventanas\18\ventana_6.mp4,-1,
18,7,43.33,48.59,150,ventanas\18\ventana_7.mp4,-5,
18,8,48.59,53.98,150,ventanas\18\ventana_8.mp4,-2,
18,9,53.98,59.39,150,ventanas\18\ventana_9.mp4,-2,
18,10,59.39,64.62,150,ventanas\18\ventana_10.mp4,-2,
18,11,64.62,69.95,150,ventanas\18\ventana_11.mp4,-1,
18,12,69.95,75.31,150,ventanas\18\ventana_12.mp4,-1,
18,16,91.22,96.48,150,ventanas\18\ventana_16.mp4,2,
18,17,96.48,101.71,150,ventanas\18\ventana_17.mp4,1,
18,18,101.71,106.94,150,ventanas\18\ventana_18.mp4,0,
18,19,106.94,112.3,150,ventanas\18\ventana_19.mp4,1,
18,20,112.3,117.78,150,ventanas\18\ventana_20.mp4,0,
18,21,117.78,123.04,150,ventanas\18\ventana_21.mp4,0,
18,22,123.04,128.34,150,ventanas\18\ventana_22.mp4,0,
18,23,128.34,133.7,150,ventanas\18\ventana_23.mp4,0,
19,0,0.01,11.17,150,ventanas\19\ventana_0.mp4,0,
19,3,21.79,26.99,150,ventanas\19\ventana_3.mp4,0,
19,4,26.99,32.29,150,ventanas\19\ventana_4.mp4,-3,
19,5,32.29,37.49,150,ventanas\19\ventana_5.mp4,0,
19,6,37.49,42.66,150,ventanas\19\ventana_6.mp4,-3,
19,7,42.66,47.95,150,ventanas\19\ventana_7.mp4,0,
19,8,47.95,53.28,150,ventanas\19\ventana_8.mp4,-1,
19,9,53.28,58.59,150,ventanas\19\ventana_9.mp4,-1,
19,10,58.59,63.89,150,ventanas\19\ventana_10.mp4,-4,
19,11,63.89,69.09,150,ventanas\19\ventana_11.mp4,-1,
19,14,79.65,84.78,150,ventanas\19\ventana_14.mp4,1,
19,15,84.78,90.02,150,ventanas\19\ventana_15.mp4,1,
19,16,90.02,95.22,150,ventanas\19\ventana_16.mp4,0,
19,18,100.37,105.57,150,ventanas\19\ventana_18.mp4,0,
19,19,105.57,111.01,150,ventanas\19\ventana_19.mp4,3,
19,20,111.01,116.03,150,ventanas\19\ventana_20.mp4,3,
19,21,116.03,121.3,150,ventanas\19\ventana_21.mp4,2,
19,22,121.3,126.77,150,ventanas\19\ventana_22.mp4,2,
19,23,126.77,132.13,150,ventanas\19\ventana_23.mp4,2,
19,24,132.13,137.39,150,ventanas\19\ventana_24.mp4,0,
2,0,0.03,35.22,150,ventanas\2\ventana_0.mp4,0,
2,1,35.22,40.38,150,ventanas\2\ventana_1.mp4,-1,
2,2,40.38,45.63,150,ventanas\2\ventana_2.mp4,-1,
2,3,45.63,51.22,150,ventanas\2\ventana_3.mp4,0,
2,4,51.22,56.62,150,ventanas\2\ventana_4.mp4,-1,
2,5,56.62,62.37,150,ventanas\2\ventana_5.mp4,0,
2,6,62.37,67.58,150,ventanas\2\ventana_6.mp4,-1,
2,7,67.58,73.1,150,ventanas\2\ventana_7.mp4,-1,
2,8,73.1,78.45,150,ventanas\2\ventana_8.mp4,0,
2,9,78.45,84.06,150,ventanas\2\ventana_9.mp4,0,
2,10,84.06,89.66,150,ventanas\2\ventana_10.mp4,0,
2,11,89.66,94.98,150,ventanas\2\ventana_11.mp4,-1,
2,12,94.98,100.53,150,ventanas\2\ventana_12.mp4,0,
2,13,100.53,105.74,150,ventanas\2\ventana_13.mp4,0,
2,14,105.74,111.12,150,ventanas\2\ventana_14.mp4,3,
2,15,111.12,116.4,150,ventanas\2\ventana_15.mp4,2,
2,16,116.4,121.71,150,ventanas\2\ventana_16.mp4,1,
2,17,121.71,127.3,150,ventanas\2\ventana_17.mp4,1,
2,18,127.3,132.5,150,ventanas\2\ventana_18.mp4,0,
2,19,132.5,137.81,150,ventanas\2\ventana_19.mp4,2,
2,20,137.81,143.23,150,ventanas\2\ventana_20.mp4,0,
2,21,143.23,148.77,150,ventanas\2\ventana_21.mp4,2,
2,22,148.77,154.42,150,ventanas\2\ventana_22.mp4,1,
2,23,154.42,160.16,150,ventanas\2\ventana_23.mp4,0,
2,24,160.16,165.58,150,ventanas\2\ventana_24.mp4,0,
20,0,0.01,12.19,150,ventanas\20\ventana_0.mp4,-3,
20,1,12.19,17.55,150,ventanas\20\ventana_1.mp4,-5,
20,2,17.55,22.85,150,ventanas\20\ventana_2.mp4,-5,
20,3,22.85,28.26,150,ventanas\20\ventana_3.mp4,-4,
20,4,28.26,33.58,150,ventanas\20\ventana_4.mp4,-3,
20,5,33.58,39.02,150,ventanas\20\ventana_5.mp4,-4,
20,6,39.02,44.35,150,ventanas\20\ventana_6.mp4,-3,
20,7,44.35,49.65,150,ventanas\20\ventana_7.mp4,-5,
20,8,49.65,54.94,150,ventanas\20\ventana_8.mp4,-3,
20,9,54.94,60.27,150,ventanas\20\ventana_9.mp4,-3,
20,10,60.27,65.54,150,ventanas\20\ventana_10.mp4,-3,
20,11,65.54,70.82,150,ventanas\20\ventana_11.mp4,-5,
20,15,86.37,91.57,150,ventanas\20\ventana_15.mp4,1,
20,16,91.57,96.74,150,ventanas\20\ventana_16.mp4,1,
20,17,96.74,101.94,150,ventanas\20\ventana_17.mp4,1,
20,18,101.94,107.17,150,ventanas\20\ventana_18.mp4,0,
20,19,107.17,112.43,150,ventanas\20\ventana_19.mp4,0,
20,20,112.43,117.66,150,ventanas\20\ventana_20.mp4,1,
20,21,117.66,122.9,150,ventanas\20\ventana_21.mp4,1,
20,22,122.9,128.06,150,ventanas\20\ventana_22.mp4,2,
20,23,128.06,133.49,150,ventanas\20\ventana_23.mp4,1,
20,24,133.49,138.72,150,ventanas\20\ventana_24.mp4,1,
21,0,0,10.4,150,ventanas\21\ventana_0.mp4,0,
21,1,10.4,15.54,150,ventanas\21\ventana_1.mp4,-2,
21,2,15.54,20.83,150,ventanas\21\ventana_2.mp4,-1,
21,3,20.83,26.1,150,ventanas\21\ventana_3.mp4,0,
21,4,26.1,31.47,150,ventanas\21\ventana_4.mp4,-2,
21,5,31.47,36.74,150,ventanas\21\ventana_5.mp4,0,
21,6,36.74,41.97,150,ventanas\21\ventana_6.mp4,-1,
21,7,41.97,47.15,150,ventanas\21\ventana_7.mp4,0,
21,8,47.15,52.46,150,ventanas\21\ventana_8.mp4,-2,
21,9,52.46,57.73,150,ventanas\21\ventana_9.mp4,0,
21,10,57.73,63.09,150,ventanas\21\ventana_10.mp4,0,
21,11,63.09,68.53,150,ventanas\21\ventana_11.mp4,-1,
21,12,68.53,73.82,150,ventanas\21\ventana_12.mp4,0,
21,13,73.82,79.02,150,ventanas\21\ventana_13.mp4,0,
21,14,79.02,84.29,150,ventanas\21\ventana_14.mp4,2,
21,15,84.29,89.62,150,ventanas\21\ventana_15.mp4,0,
21,16,89.62,94.88,150,ventanas\21\ventana_16.mp4,0,
21,17,94.88,100.11,150,ventanas\21\ventana_17.mp4,0,
21,18,100.11,105.38,150,ventanas\21\ventana_18.mp4,0,
21,19,105.38,110.78,150,ventanas\21\ventana_19.mp4,0,
21,20,110.78,115.97,150,ventanas\21\ventana_20.mp4,-1,
21,21,115.97,121.23,150,ventanas\21\ventana_21.mp4,0,
21,22,121.23,126.58,150,ventanas\21\ventana_22.mp4,0,
21,23,126.58,131.9,150,ventanas\21\ventana_23.mp4,0,
21,24,131.9,137.33,150,ventanas\21\ventana_24.mp4,0,
24,1,10.19,15.6,150,ventanas\24\ventana_1.mp4,-3,
24,2,15.6,20.75,150,ventanas\24\ventana_2.mp4,0,
24,3,20.75,26.16,150,ventanas\24\ventana_3.mp4,-1,
24,4,26.16,31.55,150,ventanas\24\ventana_4.mp4,0,
24,5,31.55,36.93,150,ventanas\24\ventana_5.mp4,-2,
24,6,36.93,42.16,150,ventanas\24\ventana_6.mp4,-3,
24,7,42.16,47.42,150,ventanas\24\ventana_7.mp4,-1,
24,8,47.42,52.78,150,ventanas\24\ventana_8.mp4,-3,
24,9,52.78,58.08,150,ventanas\24\ventana_9.mp4,0,
24,10,58.08,63.42,150,ventanas\24\ventana_10.mp4,-2,
24,11,63.42,68.75,150,ventanas\24\ventana_11.mp4,-3,
24,12,68.75,74.11,150,ventanas\24\ventana_12.mp4,0,
24,13,74.11,79.34,150,ventanas\24\ventana_13.mp4,4,
24,14,79.34,84.58,150,ventanas\24\ventana_14.mp4,2,
24,15,84.58,89.84,150,ventanas\24\ventana_15.mp4,3,
24,16,89.84,95.1,150,ventanas\24\ventana_16.mp4,2,
24,17,95.1,100.27,150,ventanas\24\ventana_17.mp4,1,
24,18,100.27,105.6,150,ventanas\24\ventana_18.mp4,1,
24,19,105.6,110.98,150,ventanas\24\ventana_19.mp4,1,
24,20,110.98,116.13,150,ventanas\24\ventana_20.mp4,1,
24,21,116.13,121.54,150,ventanas\24\ventana_21.mp4,0,
24,22,121.54,126.77,150,ventanas\24\ventana_22.mp4,0,
24,23,126.77,132.22,150,ventanas\24\ventana_23.mp4,1,
25,0,0.01,15.09,150,ventanas\25\ventana_0.mp4,0,
25,1,15.09,20.5,150,ventanas\25\ventana_1.mp4,-2,
25,2,20.5,26,150,ventanas\25\ventana_2.mp4,0,
25,3,26,31.3,150,ventanas\25\ventana_3.mp4,-3,
25,4,31.3,36.72,150,ventanas\25\ventana_4.mp4,-3,
25,5,36.72,42.06,150,ventanas\25\ventana_5.mp4,-3,
25,6,42.06,47.3,150,ventanas\25\ventana_6.mp4,-3,
25,7,47.3,52.75,150,ventanas\25\ventana_7.mp4,-2,
25,8,52.75,58.22,150,ventanas\25\ventana_8.mp4,-3,
25,9,58.22,63.49,150,ventanas\25\ventana_9.mp4,-3,
25,10,63.49,68.82,150,ventanas\25\ventana_10.mp4,-3,
25,11,68.82,74.18,150,ventanas\25\ventana_11.mp4,-1,
25,12,74.18,79.44,150,ventanas\25\ventana_12.mp4,1,
25,13,79.44,84.82,150,ventanas\25\ventana_13.mp4,0,
25,14,84.82,90.21,150,ventanas\25\ventana_14.mp4,2,
25,15,90.21,95.47,150,ventanas\25\ventana_15.mp4,3,
25,16,95.47,100.83,150,ventanas\25\ventana_16.mp4,3,
25,17,100.83,106.14,150,ventanas\25\ventana_17.mp4,1,
25,18,106.14,111.5,150,ventanas\25\ventana_18.mp4,0,
25,19,111.5,116.98,150,ventanas\25\ventana_19.mp4,1,
25,20,116.98,122.34,150,ventanas\25\ventana_20.mp4,2,
25,21,122.34,127.7,150,ventanas\25\ventana_21.mp4,1,
25,22,127.7,133.1,150,ventanas\25\ventana_22.mp4,1,
25,23,133.1,138.53,150,ventanas\25\ventana_23.mp4,3,
25,24,138.53,144.06,150,ventanas\25\ventana_24.mp4,0,
26,0,0.01,15.46,150,ventanas\26\ventana_0.mp4,-1,
26,1,15.46,20.72,150,ventanas\26\ventana_1.mp4,-1,
26,2,20.72,26.26,150,ventanas\26\ventana_2.mp4,-2,
26,3,26.26,31.89,150,ventanas\26\ventana_3.mp4,-2,
26,4,31.89,37.52,150,ventanas\26\ventana_4.mp4,-2,
26,5,37.52,43.31,150,ventanas\26\ventana_5.mp4,-3,
26,6,43.31,48.58,150,ventanas\26\ventana_6.mp4,-3,
26,7,48.58,54.08,150,ventanas\26\ventana_7.mp4,-2,
26,8,54.08,59.65,150,ventanas\26\ventana_8.mp4,-1,
26,9,59.65,65.01,150,ventanas\26\ventana_9.mp4,-1,
26,10,65.01,70.64,150,ventanas\26\ventana_10.mp4,-4,
26,13,81.66,87.07,150,ventanas\26\ventana_13.mp4,0,
26,14,87.07,92.64,150,ventanas\26\ventana_14.mp4,0,
26,15,92.64,98.1,150,ventanas\26\ventana_15.mp4,0,
26,16,98.1,103.5,150,ventanas\26\ventana_16.mp4,0,
26,17,103.5,109.17,150,ventanas\26\ventana_17.mp4,0,
26,18,109.17,114.9,150,ventanas\26\ventana_18.mp4,0,
26,19,114.9,120.4,150,ventanas\26\ventana_19.mp4,0,
26,20,120.4,125.82,150,ventanas\26\ventana_20.mp4,0,
26,21,125.82,131.46,150,ventanas\26\ventana_21.mp4,0,
26,22,131.46,136.99,150,ventanas\26\ventana_22.mp4,0,
26,23,136.99,142.45,150,ventanas\26\ventana_23.mp4,0,
27,1,17.38,22.67,150,ventanas\27\ventana_1.mp4,-2,
27,2,22.67,27.97,150,ventanas\27\ventana_2.mp4,-1,
27,3,27.97,33.36,150,ventanas\27\ventana_3.mp4,-1,
27,4,33.36,38.56,150,ventanas\27\ventana_4.mp4,-2,
27,5,38.56,43.82,150,ventanas\27\ventana_5.mp4,0,
27,6,43.82,49.06,150,ventanas\27\ventana_6.mp4,-1,
27,7,49.06,54.35,150,ventanas\27\ventana_7.mp4,-1,
27,8,54.35,59.62,150,ventanas\27\ventana_8.mp4,-1,
27,9,59.62,64.9,150,ventanas\27\ventana_9.mp4,0,
27,10,64.9,70.13,150,ventanas\27\ventana_10.mp4,0,
27,11,70.13,75.39,150,ventanas\27\ventana_11.mp4,-1,
27,13,80.62,85.74,150,ventanas\27\ventana_13.mp4,3,
27,14,85.74,90.94,150,ventanas\27\ventana_14.mp4,2,
27,15,90.94,96.21,150,ventanas\27\ventana_15.mp4,2,
27,16,96.21,101.41,150,ventanas\27\ventana_16.mp4,2,
27,17,101.41,106.7,150,ventanas\27\ventana_17.mp4,0,
27,18,106.7,112.18,150,ventanas\27\ventana_18.mp4,0,
27,19,112.18,117.41,150,ventanas\27\ventana_19.mp4,2,
27,20,117.41,122.77,150,ventanas\27\ventana_20.mp4,2,
27,21,122.77,128.11,150,ventanas\27\ventana_21.mp4,1,
27,22,128.11,133.47,150,ventanas\27\ventana_22.mp4,1,
27,23,133.47,138.77,150,ventanas\27\ventana_23.mp4,1,
27,24,138.77,144.06,150,ventanas\27\ventana_24.mp4,0,
28,0,0.01,15.26,150,ventanas\28\ventana_0.mp4,-3,
28,1,15.26,20.69,150,ventanas\28\ventana_1.mp4,-3,
28,2,20.69,26.02,150,ventanas\28\ventana_2.mp4,-2,
28,3,26.02,31.39,150,ventanas\28\ventana_3.mp4,-2,
28,4,31.39,36.75,150,ventanas\28\ventana_4.mp4,-3,
28,5,36.75,42.02,150,ventanas\28\ventana_5.mp4,-2,
28,6,42.02,47.42,150,ventanas\28\ventana_6.mp4,-2,
28,7,47.42,52.61,150,ventanas\28\ventana_7.mp4,-2,
28,8,52.61,58.02,150,ventanas\28\ventana_8.mp4,-3,
28,9,58.02,63.25,150,ventanas\28\ventana_9.mp4,-1,
28,10,63.25,68.51,150,ventanas\28\ventana_10.mp4,-1,
28,11,68.51,73.87,150,ventanas\28\ventana_11.mp4,-1,
28,12,73.87,79.31,150,ventanas\28\ventana_12.mp4,-1,
28,13,79.31,84.74,150,ventanas\28\ventana_13.mp4,2,
28,14,84.74,89.87,150,ventanas\28\ventana_14.mp4,1,
28,15,89.87,95.04,150,ventanas\28\ventana_15.mp4,0,
28,16,95.04,100.3,150,ventanas\28\ventana_16.mp4,0,
28,17,100.3,105.87,150,ventanas\28\ventana_17.mp4,1,
28,18,105.87,111.14,150,ventanas\28\ventana_18.mp4,0,
28,19,111.14,116.4,150,ventanas\28\ventana_19.mp4,1,
28,20,116.4,121.76,150,ventanas\28\ventana_20.mp4,1,
28,21,121.76,127.17,150,ventanas\28\ventana_21.mp4,0,
28,22,127.17,132.72,150,ventanas\28\ventana_22.mp4,0,
28,23,132.72,138.16,150,ventanas\28\ventana_23.mp4,0,
29,0,0,10.19,150,ventanas\29\ventana_0.mp4,0,
29,1,10.19,15.39,150,ventanas\29\ventana_1.mp4,-3,
29,2,15.39,20.72,150,ventanas\29\ventana_2.mp4,-2,
29,3,20.72,25.98,150,ventanas\29\ventana_3.mp4,-1,
29,4,25.98,31.42,150,ventanas\29\ventana_4.mp4,-1,
29,5,31.42,37.02,150,ventanas\29\ventana_5.mp4,0,
29,6,37.02,42.72,150,ventanas\29\ventana_6.mp4,-1,
29,7,42.72,47.84,150,ventanas\29\ventana_7.mp4,-2,
29,8,47.84,53.34,150,ventanas\29\ventana_8.mp4,-1,
29,9,53.34,58.75,150,ventanas\29\ventana_9.mp4,-1,
29,10,58.75,64.38,150,ventanas\29\ventana_10.mp4,-1,
29,11,64.38,69.78,150,ventanas\29\ventana_11.mp4,-1,
29,13,75.44,80.77,150,ventanas\29\ventana_13.mp4,2,
29,14,80.77,85.84,150,ventanas\29\ventana_14.mp4,1,
29,15,85.84,91.07,150,ventanas\29\ventana_15.mp4,1,
29,16,91.07,96.37,150,ventanas\29\ventana_16.mp4,2,
29,17,96.37,101.57,150,ventanas\29\ventana_17.mp4,2,
29,18,101.57,106.83,150,ventanas\29\ventana_18.mp4,0,
29,19,106.83,112.4,150,ventanas\29\ventana_19.mp4,1,
29,20,112.4,117.49,150,ventanas\29\ventana_20.mp4,1,
29,21,117.49,122.62,150,ventanas\29\ventana_21.mp4,0,
29,22,122.62,128.16,150,ventanas\29\ventana_22.mp4,0,
29,23,128.16,133.58,150,ventanas\29\ventana_23.mp4,0,
3,0,0.01,15.3,150,ventanas\3\ventana_0.mp4,0,
3,1,15.3,20.77,150,ventanas\3\ventana_1.mp4,-3,
3,2,20.77,26.26,150,ventanas\3\ventana_2.mp4,-3,
3,3,26.26,31.87,150,ventanas\3\ventana_3.mp4,-1,
3,4,31.87,37.38,150,ventanas\3\ventana_4.mp4,-2,
3,5,37.38,42.93,150,ventanas\3\ventana_5.mp4,-1,
3,6,42.93,48.3,150,ventanas\3\ventana_6.mp4,-1,
3,7,48.3,53.82,150,ventanas\3\ventana_7.mp4,0,
3,8,53.82,59.26,150,ventanas\3\ventana_8.mp4,-2,
3,9,59.26,64.82,150,ventanas\3\ventana_9.mp4,-1,
3,10,64.82,70.38,150,ventanas\3\ventana_10.mp4,-1,
3,11,70.38,75.87,150,ventanas\3\ventana_11.mp4,-4,
3,12,75.87,81.38,150,ventanas\3\ventana_12.mp4,0,
3,13,81.38,86.75,150,ventanas\3\ventana_13.mp4,4,
3,14,86.75,92.24,150,ventanas\3\ventana_14.mp4,4,
3,15,92.24,97.65,150,ventanas\3\ventana_15.mp4,3,
3,16,97.65,103.02,150,ventanas\3\ventana_16.mp4,1,
3,17,103.02,108.7,150,ventanas\3\ventana_17.mp4,1,
3,18,108.7,114.05,150,ventanas\3\ventana_18.mp4,0,
3,19,114.05,119.57,150,ventanas\3\ventana_19.mp4,1,
3,20,119.57,125.01,150,ventanas\3\ventana_20.mp4,2,
3,21,125.01,130.59,150,ventanas\3\ventana_21.mp4,2,
3,22,130.59,136.14,150,ventanas\3\ventana_22.mp4,0,
3,23,136.14,141.49,150,ventanas\3\ventana_23.mp4,0,
30,0,0.01,12.37,150,ventanas\30\ventana_0.mp4,0,
30,1,12.37,17.66,150,ventanas\30\ventana_1.mp4,-3,
30,2,17.66,22.96,150,ventanas\30\ventana_2.mp4,-2,
30,3,22.96,28.42,150,ventanas\30\ventana_3.mp4,-2,
30,4,28.42,33.82,150,ventanas\30\ventana_4.mp4,-4,
30,5,33.82,39.25,150,ventanas\30\ventana_5.mp4,-1,
30,6,39.25,44.56,150,ventanas\30\ventana_6.mp4,-2,
30,7,44.56,50.05,150,ventanas\30\ventana_7.mp4,0,
30,8,50.05,55.41,150,ventanas\30\ventana_8.mp4,0,
30,9,55.41,60.91,150,ventanas\30\ventana_9.mp4,-1,
30,10,60.91,66.42,150,ventanas\30\ventana_10.mp4,-1,
30,11,66.42,71.81,150,ventanas\30\ventana_11.mp4,-3,
30,13,77.07,82.34,150,ventanas\30\ventana_13.mp4,1,
30,14,82.34,87.65,150,ventanas\30\ventana_14.mp4,3,
30,15,87.65,92.91,150,ventanas\30\ventana_15.mp4,4,
30,16,92.91,98.14,150,ventanas\30\ventana_16.mp4,3,
30,17,98.14,103.47,150,ventanas\30\ventana_17.mp4,2,
30,18,103.47,108.86,150,ventanas\30\ventana_18.mp4,0,
30,19,108.86,114.34,150,ventanas\30\ventana_19.mp4,2,
30,20,114.34,119.73,150,ventanas\30\ventana_20.mp4,1,
30,21,119.73,125.17,150,ventanas\30\ventana_21.mp4,0,
30,22,125.17,130.62,150,ventanas\30\ventana_22.mp4,0,
30,23,130.62,136.1,150,ventanas\30\ventana_23.mp4,0,
31,0,0.01,13.5,150,ventanas\31\ventana_0.mp4,0,
31,1,13.5,18.83,150,ventanas\31\ventana_1.mp4,3,
31,2,18.83,24.4,150,ventanas\31\ventana_2.mp4,1,
31,3,24.4,29.89,150,ventanas\31\ventana_3.mp4,0,
31,4,29.89,35.2,150,ventanas\31\ventana_4.mp4,0,
31,5,35.2,40.53,150,ventanas\31\ventana_5.mp4,0,
31,6,40.53,46.19,150,ventanas\31\ventana_6.mp4,2,
31,7,46.19,51.49,150,ventanas\31\ventana_7.mp4,0,
31,8,51.49,56.85,150,ventanas\31\ventana_8.mp4,0,
31,9,56.85,62.22,150,ventanas\31\ventana_9.mp4,0,
31,10,62.22,67.71,150,ventanas\31\ventana_10.mp4,0,
31,11,67.71,73.12,150,ventanas\31\ventana_11.mp4,1,
31,13,78.45,83.74,150,ventanas\31\ventana_13.mp4,5,
31,14,83.74,89.15,150,ventanas\31\ventana_14.mp4,4,
31,15,89.15,94.64,150,ventanas\31\ventana_15.mp4,5,
31,16,94.64,100.11,150,ventanas\31\ventana_16.mp4,4,
31,17,100.11,105.44,150,ventanas\31\ventana_17.mp4,3,
31,18,105.44,110.88,150,ventanas\31\ventana_18.mp4,4,
31,19,110.88,116.34,150,ventanas\31\ventana_19.mp4,4,
31,20,116.34,121.97,150,ventanas\31\ventana_20.mp4,4,
31,21,121.97,127.5,150,ventanas\31\ventana_21.mp4,3,
31,22,127.5,132.83,150,ventanas\31\ventana_22.mp4,1,
31,23,132.83,138.34,150,ventanas\31\ventana_23.mp4,0,
31,24,138.34,143.73,150,ventanas\31\ventana_24.mp4,1,
32,0,0,10.4,150,ventanas\32\ventana_0.mp4,0,
32,1,10.4,15.62,150,ventanas\32\ventana_1.mp4,2,
32,2,15.62,20.99,150,ventanas\32\ventana_2.mp4,2,
32,3,20.99,26.19,150,ventanas\32\ventana_3.mp4,2,
32,4,26.19,31.68,150,ventanas\32\ventana_4.mp4,3,
32,5,31.68,37.06,150,ventanas\32\ventana_5.mp4,2,
32,6,37.06,42.54,150,ventanas\32\ventana_6.mp4,2,
32,7,42.54,47.98,150,ventanas\32\ventana_7.mp4,2,
32,8,47.98,53.44,150,ventanas\32\ventana_8.mp4,2,
32,9,53.44,58.91,150,ventanas\32\ventana_9.mp4,1,
32,10,58.91,64.3,150,ventanas\32\ventana_10.mp4,1,
32,11,64.3,69.71,150,ventanas\32\ventana_11.mp4,2,
32,12,69.71,75.07,150,ventanas\32\ventana_12.mp4,0,
32,14,80.4,85.78,150,ventanas\32\ventana_14.mp4,1,
32,15,85.78,91.14,150,ventanas\32\ventana_15.mp4,0,
32,16,91.14,96.43,150,ventanas\32\ventana_16.mp4,2,
32,17,96.43,101.76,150,ventanas\32\ventana_17.mp4,0,
32,18,101.76,107.3,150,ventanas\32\ventana_18.mp4,0,
32,19,107.3,112.5,150,ventanas\32\ventana_19.mp4,0,
32,20,112.5,117.82,150,ventanas\32\ventana_20.mp4,0,
32,21,117.82,123.12,150,ventanas\32\ventana_21.mp4,0,
32,22,123.12,128.5,150,ventanas\32\ventana_22.mp4,0,
32,23,128.5,133.86,150,ventanas\32\ventana_23.mp4,1,
33,0,0,10.43,150,ventanas\33\ventana_0.mp4,0,
33,1,10.43,15.81,150,ventanas\33\ventana_1.mp4,-5,
33,2,15.81,21.23,150,ventanas\33\ventana_2.mp4,-4,
33,3,21.23,26.59,150,ventanas\33\ventana_3.mp4,0,
33,4,26.59,32.06,150,ventanas\33\ventana_4.mp4,-3,
33,5,32.06,37.49,150,ventanas\33\ventana_5.mp4,-5,
33,6,37.49,42.77,150,ventanas\33\ventana_6.mp4,-4,
33,7,42.77,48.1,150,ventanas\33\ventana_7.mp4,-3,
33,8,48.1,53.46,150,ventanas\33\ventana_8.mp4,-3,
33,9,53.46,58.93,150,ventanas\33\ventana_9.mp4,-4,
33,10,58.93,64.19,150,ventanas\33\ventana_10.mp4,-3,
33,11,64.19,69.58,150,ventanas\33\ventana_11.mp4,-4,
33,12,69.58,75.02,150,ventanas\33\ventana_12.mp4,-3,
33,13,75.02,80.54,150,ventanas\33\ventana_13.mp4,0,
33,14,80.54,85.89,150,ventanas\33\ventana_14.mp4,3,
33,15,85.89,91.18,150,ventanas\33\ventana_15.mp4,3,
33,16,91.18,96.72,150,ventanas\33\ventana_16.mp4,3,
33,17,96.72,102.05,150,ventanas\33\ventana_17.mp4,2,
33,18,102.05,107.31,150,ventanas\33\ventana_18.mp4,1,
33,19,107.31,112.61,150,ventanas\33\ventana_19.mp4,0,
33,21,117.87,123.17,150,ventanas\33\ventana_21.mp4,1,
33,22,123.17,128.64,150,ventanas\33\ventana_22.mp4,1,
33,23,128.64,133.97,150,ventanas\33\ventana_23.mp4,1,
35,0,0.01,12.19,150,ventanas\35\ventana_0.mp4,0,
35,1,12.19,17.36,150,ventanas\35\ventana_1.mp4,-2,
35,2,17.36,22.59,150,ventanas\35\ventana_2.mp4,-1,
35,3,22.59,28.22,150,ventanas\35\ventana_3.mp4,1,
35,4,28.22,33.52,150,ventanas\35\ventana_4.mp4,-1,
35,5,33.52,38.78,150,ventanas\35\ventana_5.mp4,0,
35,6,38.78,43.98,150,ventanas\35\ventana_6.mp4,0,
35,7,43.98,49.42,150,ventanas\35\ventana_7.mp4,0,
35,8,49.42,54.62,150,ventanas\35\ventana_8.mp4,0,
35,9,54.62,60.08,150,ventanas\35\ventana_9.mp4,0,
35,10,60.08,65.46,150,ventanas\35\ventana_10.mp4,1,
35,11,65.46,70.82,150,ventanas\35\ventana_11.mp4,-1,
35,13,76.42,81.65,150,ventanas\35\ventana_13.mp4,3,
35,14,81.65,86.98,150,ventanas\35\ventana_14.mp4,4,
35,15,86.98,92.24,150,ventanas\35\ventana_15.mp4,3,
35,16,92.24,97.41,150,ventanas\35\ventana_16.mp4,0,
35,17,97.41,102.61,150,ventanas\35\ventana_17.mp4,0,
35,18,102.61,108.1,150,ventanas\35\ventana_18.mp4,0,
35,19,108.1,113.54,150,ventanas\35\ventana_19.mp4,0,
35,20,113.54,118.83,150,ventanas\35\ventana_20.mp4,2,
35,21,118.83,124.19,150,ventanas\35\ventana_21.mp4,1,
35,22,124.19,129.6,150,ventanas\35\ventana_22.mp4,0,
35,23,129.6,134.83,150,ventanas\35\ventana_23.mp4,0,
35,24,134.83,140.1,150,ventanas\35\ventana_24.mp4,1,
36,0,0.01,11.47,150,ventanas\36\ventana_0.mp4,0,
36,1,11.47,16.8,150,ventanas\36\ventana_1.mp4,-4,
36,2,16.8,22.29,150,ventanas\36\ventana_2.mp4,-4,
36,3,22.29,27.76,150,ventanas\36\ventana_3.mp4,-2,
36,4,27.76,33.26,150,ventanas\36\ventana_4.mp4,-2,
36,5,33.26,38.93,150,ventanas\36\ventana_5.mp4,-1,
36,6,38.93,44.5,150,ventanas\36\ventana_6.mp4,-2,
36,7,44.5,49.89,150,ventanas\36\ventana_7.mp4,-2,
36,8,49.89,55.28,150,ventanas\36\ventana_8.mp4,0,
36,9,55.28,61.09,150,ventanas\36\ventana_9.mp4,0,
36,10,61.09,66.38,150,ventanas\36\ventana_10.mp4,0,
36,11,66.38,71.92,150,ventanas\36\ventana_11.mp4,-3,
36,13,77.34,83.15,150,ventanas\36\ventana_13.mp4,4,
36,14,83.15,88.42,150,ventanas\36\ventana_14.mp4,2,
36,15,88.42,93.65,150,ventanas\36\ventana_15.mp4,1,
36,16,93.65,99.14,150,ventanas\36\ventana_16.mp4,3,
36,17,99.14,104.54,150,ventanas\36\ventana_17.mp4,1,
36,18,104.54,109.81,150,ventanas\36\ventana_18.mp4,0,
36,19,109.81,115.14,150,ventanas\36\ventana_19.mp4,2,
36,20,115.14,120.61,150,ventanas\36\ventana_20.mp4,0,
36,21,120.61,126.1,150,ventanas\36\ventana_21.mp4,3,
36,22,126.1,131.57,150,ventanas\36\ventana_22.mp4,1,
36,23,131.57,136.9,150,ventanas\36\ventana_23.mp4,2,
37,0,0.01,12.4,150,ventanas\37\ventana_0.mp4,1,
37,1,12.4,17.92,150,ventanas\37\ventana_1.mp4,-4,
37,2,17.92,23.36,150,ventanas\37\ventana_2.mp4,-3,
37,3,23.36,28.75,150,ventanas\37\ventana_3.mp4,-1,
37,4,28.75,34.35,150,ventanas\37\ventana_4.mp4,-3,
37,5,34.35,39.92,150,ventanas\37\ventana_5.mp4,-1,
37,6,39.92,45.25,150,ventanas\37\ventana_6.mp4,-4,
37,7,45.25,50.78,150,ventanas\37\ventana_7.mp4,-4,
37,8,50.78,56.26,150,ventanas\37\ventana_8.mp4,-5,
37,9,56.26,61.81,150,ventanas\37\ventana_9.mp4,-2,
37,10,61.81,67.44,150,ventanas\37\ventana_10.mp4,0,
37,11,67.44,73.12,150,ventanas\37\ventana_11.mp4,-5,
37,13,78.75,84.14,150,ventanas\37\ventana_13.mp4,5,
37,14,84.14,89.57,150,ventanas\37\ventana_14.mp4,4,
37,15,89.57,95.07,150,ventanas\37\ventana_15.mp4,4,
37,16,95.07,100.37,150,ventanas\37\ventana_16.mp4,5,
37,17,100.37,105.97,150,ventanas\37\ventana_17.mp4,4,
37,18,105.97,111.91,150,ventanas\37\ventana_18.mp4,4,
37,19,111.91,117.3,150,ventanas\37\ventana_19.mp4,3,
37,20,117.3,122.8,150,ventanas\37\ventana_20.mp4,3,
37,21,122.8,128.46,150,ventanas\37\ventana_21.mp4,2,
37,22,128.46,133.97,150,ventanas\37\ventana_22.mp4,3,
37,23,133.97,139.57,150,ventanas\37\ventana_23.mp4,2,
38,0,0.01,11.26,150,ventanas\38\ventana_0.mp4,0,
38,1,11.26,16.53,150,ventanas\38\ventana_1.mp4,-4,
38,2,16.53,21.82,150,ventanas\38\ventana_2.mp4,-4,
38,3,21.82,27.26,150,ventanas\38\ventana_3.mp4,-2,
38,4,27.26,32.56,150,ventanas\38\ventana_4.mp4,-3,
38,5,32.56,37.89,150,ventanas\38\ventana_5.mp4,-2,
38,6,37.89,43.39,150,ventanas\38\ventana_6.mp4,-3,
38,7,43.39,48.83,150,ventanas\38\ventana_7.mp4,-3,
38,8,48.83,54.13,150,ventanas\38\ventana_8.mp4,-3,
38,9,54.13,59.58,150,ventanas\38\ventana_9.mp4,-4,
38,10,59.58,64.96,150,ventanas\38\ventana_10.mp4,-3,
38,11,64.96,70.26,150,ventanas\38\ventana_11.mp4,-4,
38,13,75.42,80.72,150,ventanas\38\ventana_13.mp4,1,
38,14,80.72,86.11,150,ventanas\38\ventana_14.mp4,-1,
38,15,86.11,91.38,150,ventanas\38\ventana_15.mp4,1,
38,16,91.38,96.61,150,ventanas\38\ventana_16.mp4,1,
38,17,96.61,101.94,150,ventanas\38\ventana_17.mp4,0,
38,18,101.94,107.31,150,ventanas\38\ventana_18.mp4,0,
38,19,107.31,112.7,150,ventanas\38\ventana_19.mp4,0,
38,20,112.7,118.21,150,ventanas\38\ventana_20.mp4,0,
38,21,118.21,123.57,150,ventanas\38\ventana_21.mp4,0,
38,22,123.57,128.86,150,ventanas\38\ventana_22.mp4,0,
38,23,128.86,134.16,150,ventanas\38\ventana_23.mp4,0,
38,24,134.16,139.44,150,ventanas\38\ventana_24.mp4,1,
39,0,0.01,11.09,150,ventanas\39\ventana_0.mp4,-1,
39,1,11.09,16.26,150,ventanas\39\ventana_1.mp4,-2,
39,2,16.26,21.42,150,ventanas\39\ventana_2.mp4,-1,
39,3,21.42,26.72,150,ventanas\39\ventana_3.mp4,0,
39,4,26.72,32.29,150,ventanas\39\ventana_4.mp4,-1,
39,5,32.29,37.82,150,ventanas\39\ventana_5.mp4,-1,
39,6,37.82,43.06,150,ventanas\39\ventana_6.mp4,-1,
39,7,43.06,48.45,150,ventanas\39\ventana_7.mp4,0,
39,8,48.45,54.08,150,ventanas\39\ventana_8.mp4,0,
39,9,54.08,59.44,150,ventanas\39\ventana_9.mp4,-1,
39,10,59.44,64.94,150,ventanas\39\ventana_10.mp4,-1,
39,11,64.94,70.18,150,ventanas\39\ventana_11.mp4,-1,
39,13,75.54,80.64,150,ventanas\39\ventana_13.mp4,3,
39,14,80.64,86.11,150,ventanas\39\ventana_14.mp4,2,
39,15,86.11,91.38,150,ventanas\39\ventana_15.mp4,1,
39,16,91.38,96.7,150,ventanas\39\ventana_16.mp4,1,
39,17,96.7,102,150,ventanas\39\ventana_17.mp4,0,
39,18,102,107.6,150,ventanas\39\ventana_18.mp4,0,
39,19,107.6,112.86,150,ventanas\39\ventana_19.mp4,0,
39,20,112.86,118.13,150,ventanas\39\ventana_20.mp4,1,
39,21,118.13,123.33,150,ventanas\39\ventana_21.mp4,0,
39,22,123.33,128.72,150,ventanas\39\ventana_22.mp4,1,
39,23,128.72,133.92,150,ventanas\39\ventana_23.mp4,0,
39,24,133.92,139.36,150,ventanas\39\ventana_24.mp4,1,
4,0,0.04,44.22,150,ventanas\4\ventana_0.mp4,0,
4,1,44.22,49.5,150,ventanas\4\ventana_1.mp4,-4,
4,2,49.5,54.82,150,ventanas\4\ventana_2.mp4,-2,
4,3,54.82,60.3,150,ventanas\4\ventana_3.mp4,-3,
4,4,60.3,65.65,150,ventanas\4\ventana_4.mp4,-5,
4,5,65.65,70.9,150,ventanas\4\ventana_5.mp4,-4,
4,6,70.9,76.37,150,ventanas\4\ventana_6.mp4,-5,
4,7,76.37,81.65,150,ventanas\4\ventana_7.mp4,-5,
4,8,81.65,87.14,150,ventanas\4\ventana_8.mp4,-5,
4,9,87.14,92.61,150,ventanas\4\ventana_9.mp4,-3,
4,10,92.61,98.11,150,ventanas\4\ventana_10.mp4,-4,
4,11,98.11,103.6,150,ventanas\4\ventana_11.mp4,-4,
4,12,103.6,108.91,150,ventanas\4\ventana_12.mp4,-2,
4,13,108.91,114.19,150,ventanas\4\ventana_13.mp4,3,
4,14,114.19,119.54,150,ventanas\4\ventana_14.mp4,2,
4,15,119.54,124.88,150,ventanas\4\ventana_15.mp4,3,
4,16,124.88,130.03,150,ventanas\4\ventana_16.mp4,2,
4,17,130.03,135.31,150,ventanas\4\ventana_17.mp4,2,
4,18,135.31,140.69,150,ventanas\4\ventana_18.mp4,3,
4,19,140.69,146.19,150,ventanas\4\ventana_19.mp4,3,
4,20,146.19,151.62,150,ventanas\4\ventana_20.mp4,4,
4,21,151.62,156.96,150,ventanas\4\ventana_21.mp4,1,
4,22,156.96,162.24,150,ventanas\4\ventana_22.mp4,1,
4,23,162.24,167.52,150,ventanas\4\ventana_23.mp4,2,
42,1,15.3,20.86,150,ventanas\42\ventana_1.mp4,-4,
42,2,20.86,26.35,150,ventanas\42\ventana_2.mp4,-3,
42,3,26.35,31.95,150,ventanas\42\ventana_3.mp4,-2,
42,4,31.95,37.49,150,ventanas\42\ventana_4.mp4,-3,
42,5,37.49,42.88,150,ventanas\42\ventana_5.mp4,-2,
42,6,42.88,48.18,150,ventanas\42\ventana_6.mp4,-1,
42,7,48.18,53.55,150,ventanas\42\ventana_7.mp4,-5,
42,8,53.55,58.98,150,ventanas\42\ventana_8.mp4,-4,
42,9,58.98,64.42,150,ventanas\42\ventana_9.mp4,-2,
42,10,64.42,70.02,150,ventanas\42\ventana_10.mp4,-1,
42,11,70.02,75.47,150,ventanas\42\ventana_11.mp4,0,
42,13,81.01,86.43,150,ventanas\42\ventana_13.mp4,5,
42,14,86.43,91.9,150,ventanas\42\ventana_14.mp4,5,
42,15,91.9,97.26,150,ventanas\42\ventana_15.mp4,4,
42,16,97.26,102.83,150,ventanas\42\ventana_16.mp4,4,
42,17,102.83,108.4,150,ventanas\42\ventana_17.mp4,0,
42,18,108.4,113.79,150,ventanas\42\ventana_18.mp4,0,
42,19,113.79,119.39,150,ventanas\42\ventana_19.mp4,3,
42,20,119.39,124.9,150,ventanas\42\ventana_20.mp4,2,
42,21,124.9,130.46,150,ventanas\42\ventana_21.mp4,1,
42,22,130.46,136,150,ventanas\42\ventana_22.mp4,0,
42,23,136,141.23,150,ventanas\42\ventana_23.mp4,1,
43,0,0,10.1,150,ventanas\43\ventana_0.mp4,0,
43,1,10.1,15.46,150,ventanas\43\ventana_1.mp4,-2,
43,2,15.46,20.86,150,ventanas\43\ventana_2.mp4,-1,
43,3,20.86,26.19,150,ventanas\43\ventana_3.mp4,-1,
43,4,26.19,31.55,150,ventanas\43\ventana_4.mp4,-3,
43,5,31.55,36.96,150,ventanas\43\ventana_5.mp4,0,
43,6,36.96,42.35,150,ventanas\43\ventana_6.mp4,-3,
43,7,42.35,47.58,150,ventanas\43\ventana_7.mp4,-1,
43,8,47.58,52.82,150,ventanas\43\ventana_8.mp4,-1,
43,9,52.82,58.29,150,ventanas\43\ventana_9.mp4,-1,
43,10,58.29,63.86,150,ventanas\43\ventana_10.mp4,0,
43,11,63.86,69.28,150,ventanas\43\ventana_11.mp4,-1,
43,14,80.08,85.38,150,ventanas\43\ventana_14.mp4,2,
43,15,85.38,90.7,150,ventanas\43\ventana_15.mp4,1,
43,16,90.7,96.03,150,ventanas\43\ventana_16.mp4,1,
43,17,96.03,101.2,150,ventanas\43\ventana_17.mp4,1,
43,18,101.2,106.8,150,ventanas\43\ventana_18.mp4,1,
43,19,106.8,112.06,150,ventanas\43\ventana_19.mp4,2,
43,20,112.06,117.5,150,ventanas\43\ventana_20.mp4,1,
43,21,117.5,122.9,150,ventanas\43\ventana_21.mp4,2,
43,22,122.9,128.34,150,ventanas\43\ventana_22.mp4,0,
43,23,128.34,133.79,150,ventanas\43\ventana_23.mp4,0,
43,24,133.79,139.3,150,ventanas\43\ventana_24.mp4,1,
45,0,0.01,12.22,150,ventanas\45\ventana_0.mp4,0,
45,1,12.22,17.66,150,ventanas\45\ventana_1.mp4,-1,
45,2,17.66,23.06,150,ventanas\45\ventana_2.mp4,0,
45,3,23.06,28.53,150,ventanas\45\ventana_3.mp4,-1,
45,4,28.53,34.1,150,ventanas\45\ventana_4.mp4,-3,
45,5,34.1,39.46,150,ventanas\45\ventana_5.mp4,-1,
45,6,39.46,45.33,150,ventanas\45\ventana_6.mp4,-2,
45,7,45.33,50.78,150,ventanas\45\ventana_7.mp4,-2,
45,8,50.78,56.29,150,ventanas\45\ventana_8.mp4,-2,
45,9,56.29,61.74,150,ventanas\45\ventana_9.mp4,-3,
45,10,61.74,67.18,150,ventanas\45\ventana_10.mp4,-1,
45,11,67.18,72.54,150,ventanas\45\ventana_11.mp4,-2,
45,12,72.54,78.14,150,ventanas\45\ventana_12.mp4,0,
45,13,78.14,83.54,150,ventanas\45\ventana_13.mp4,1,
45,14,83.54,88.91,150,ventanas\45\ventana_14.mp4,2,
45,15,88.91,94.4,150,ventanas\45\ventana_15.mp4,3,
45,16,94.4,99.84,150,ventanas\45\ventana_16.mp4,3,
45,17,99.84,105.1,150,ventanas\45\ventana_17.mp4,2,
45,18,105.1,110.56,150,ventanas\45\ventana_18.mp4,2,
45,19,110.56,115.94,150,ventanas\45\ventana_19.mp4,3,
45,20,115.94,121.33,150,ventanas\45\ventana_20.mp4,3,
45,21,121.33,126.74,150,ventanas\45\ventana_21.mp4,2,
45,22,126.74,132.1,150,ventanas\45\ventana_22.mp4,2,
45,23,132.1,137.57,150,ventanas\45\ventana_23.mp4,1,
46,0,0.01,11.14,150,ventanas\46\ventana_0.mp4,0,
46,1,11.14,16.5,150,ventanas\46\ventana_1.mp4,-5,
46,2,16.5,21.7,150,ventanas\46\ventana_2.mp4,-5,
46,3,21.7,27.26,150,ventanas\46\ventana_3.mp4,1,
46,4,27.26,32.56,150,ventanas\46\ventana_4.mp4,-1,
46,5,32.56,37.98,150,ventanas\46\ventana_5.mp4,-1,
46,6,37.98,43.58,150,ventanas\46\ventana_6.mp4,-1,
46,7,43.58,48.99,150,ventanas\46\ventana_7.mp4,-3,
46,8,48.99,54.62,150,ventanas\46\ventana_8.mp4,-2,
46,9,54.62,60.11,150,ventanas\46\ventana_9.mp4,1,
46,10,60.11,65.62,150,ventanas\46\ventana_10.mp4,-1,
46,11,65.62,70.94,150,ventanas\46\ventana_11.mp4,-3,
46,12,70.94,76.32,150,ventanas\46\ventana_12.mp4,-3,
46,13,76.32,81.71,150,ventanas\46\ventana_13.mp4,5,
46,14,81.71,86.98,150,ventanas\46\ventana_14.mp4,5,
46,15,86.98,92.34,150,ventanas\46\ventana_15.mp4,2,
46,16,92.34,97.65,150,ventanas\46\ventana_16.mp4,3,
46,17,97.65,102.88,150,ventanas\46\ventana_17.mp4,3,
46,18,102.88,108.18,150,ventanas\46\ventana_18.mp4,3,
46,19,108.18,113.57,150,ventanas\46\ventana_19.mp4,3,
46,20,113.57,118.83,150,ventanas\46\ventana_20.mp4,2,
46,21,118.83,124.34,150,ventanas\46\ventana_21.mp4,1,
46,22,124.34,129.7,150,ventanas\46\ventana_22.mp4,1,
46,23,129.7,134.93,150,ventanas\46\ventana_23.mp4,2,
46,24,134.93,140.4,150,ventanas\46\ventana_24.mp4,1,
47,0,0.01,11.2,150,ventanas\47\ventana_0.mp4,0,
47,1,11.2,16.46,150,ventanas\47\ventana_1.mp4,-5,
47,2,16.46,21.73,150,ventanas\47\ventana_2.mp4,-5,
47,3,21.73,27.2,150,ventanas\47\ventana_3.mp4,-1,
47,4,27.2,32.53,150,ventanas\47\ventana_4.mp4,-2,
47,5,32.53,37.86,150,ventanas\47\ventana_5.mp4,-2,
47,6,37.86,43.23,150,ventanas\47\ventana_6.mp4,-4,
47,7,43.23,48.69,150,ventanas\47\ventana_7.mp4,-5,
47,8,48.69,54.16,150,ventanas\47\ventana_8.mp4,-3,
47,9,54.16,59.89,150,ventanas\47\ventana_9.mp4,-2,
47,10,59.89,65.09,150,ventanas\47\ventana_10.mp4,-4,
47,11,65.09,70.32,150,ventanas\47\ventana_11.mp4,-5,
47,13,75.79,81.09,150,ventanas\47\ventana_13.mp4,4,
47,14,81.09,86.29,150,ventanas\47\ventana_14.mp4,5,
47,15,86.29,91.58,150,ventanas\47\ventana_15.mp4,3,
47,16,91.58,96.85,150,ventanas\47\ventana_16.mp4,3,
47,17,96.85,102.14,150,ventanas\47\ventana_17.mp4,4,
47,18,102.14,107.68,150,ventanas\47\ventana_18.mp4,0,
47,19,107.68,113.07,150,ventanas\47\ventana_19.mp4,1,
47,20,113.07,118.58,150,ventanas\47\ventana_20.mp4,3,
47,21,118.58,123.9,150,ventanas\47\ventana_21.mp4,1,
47,22,123.9,129.3,150,ventanas\47\ventana_22.mp4,1,
47,23,129.3,134.77,150,ventanas\47\ventana_23.mp4,1,
47,24,134.77,140.16,150,ventanas\47\ventana_24.mp4,0,
48,0,0.01,11.14,150,ventanas\48\ventana_0.mp4,1,
48,1,11.14,16.37,150,ventanas\48\ventana_1.mp4,-2,
48,2,16.37,21.63,150,ventanas\48\ventana_2.mp4,1,
48,3,21.63,26.96,150,ventanas\48\ventana_3.mp4,0,
48,4,26.96,32.26,150,ventanas\48\ventana_4.mp4,1,
48,5,32.26,37.57,150,ventanas\48\ventana_5.mp4,1,
48,6,37.57,42.96,150,ventanas\48\ventana_6.mp4,1,
48,7,42.96,48.19,150,ventanas\48\ventana_7.mp4,-1,
48,8,48.19,53.49,150,ventanas\48\ventana_8.mp4,0,
48,9,53.49,58.66,150,ventanas\48\ventana_9.mp4,0,
48,10,58.66,64.02,150,ventanas\48\ventana_10.mp4,0,
48,11,64.02,69.22,150,ventanas\48\ventana_11.mp4,0,
48,12,69.22,74.58,150,ventanas\48\ventana_12.mp4,1,
48,13,74.58,79.74,150,ventanas\48\ventana_13.mp4,2,
48,14,79.74,85.01,150,ventanas\48\ventana_14.mp4,5,
48,15,85.01,90.24,150,ventanas\48\ventana_15.mp4,1,
48,16,90.24,95.44,150,ventanas\48\ventana_16.mp4,2,
48,17,95.44,100.7,150,ventanas\48\ventana_17.mp4,2,
48,18,100.7,106,150,ventanas\48\ventana_18.mp4,1,
48,19,106,111.34,150,ventanas\48\ventana_19.mp4,1,
48,20,111.34,116.61,150,ventanas\48\ventana_20.mp4,0,
48,21,116.61,121.9,150,ventanas\48\ventana_21.mp4,0,
48,22,121.9,127.41,150,ventanas\48\ventana_22.mp4,0,
48,23,127.41,132.74,150,ventanas\48\ventana_23.mp4,1,
48,24,132.74,138.16,150,ventanas\48\ventana_24.mp4,1,
5,0,0.02,30.18,150,ventanas\5\ventana_0.mp4,0,
5,1,30.18,35.55,150,ventanas\5\ventana_1.mp4,-2,
5,2,35.55,40.96,150,ventanas\5\ventana_2.mp4,-1,
5,3,40.96,46.08,150,ventanas\5\ventana_3.mp4,0,
5,4,46.08,51.39,150,ventanas\5\ventana_4.mp4,-1,
5,5,51.39,56.83,150,ventanas\5\ventana_5.mp4,0,
5,6,56.83,62.29,150,ventanas\5\ventana_6.mp4,-1,
5,7,62.29,67.79,150,ventanas\5\ventana_7.mp4,-1,
5,8,67.79,73.23,150,ventanas\5\ventana_8.mp4,-1,
5,9,73.23,78.69,150,ventanas\5\ventana_9.mp4,0,
5,10,78.69,84.19,150,ventanas\5\ventana_10.mp4,-1,
5,11,84.19,89.65,150,ventanas\5\ventana_11.mp4,-2,
5,12,89.65,94.96,150,ventanas\5\ventana_12.mp4,0,
5,13,94.96,100.27,150,ventanas\5\ventana_13.mp4,1,
5,14,100.27,105.58,150,ventanas\5\ventana_14.mp4,3,
5,15,105.58,110.86,150,ventanas\5\ventana_15.mp4,2,
5,16,110.86,116.24,150,ventanas\5\ventana_16.mp4,2,
5,17,116.24,121.49,150,ventanas\5\ventana_17.mp4,2,
5,18,121.49,126.86,150,ventanas\5\ventana_18.mp4,1,
5,19,126.86,132.45,150,ventanas\5\ventana_19.mp4,1,
5,20,132.45,137.76,150,ventanas\5\ventana_20.mp4,0,
5,21,137.76,143.2,150,ventanas\5\ventana_21.mp4,0,
5,22,143.2,148.67,150,ventanas\5\ventana_22.mp4,0,
5,23,148.67,154.03,150,ventanas\5\ventana_23.mp4,0,
50,0,0.01,12.27,150,ventanas\50\ventana_0.mp4,0,
50,1,12.27,17.6,150,ventanas\50\ventana_1.mp4,-1,
50,2,17.6,22.86,150,ventanas\50\ventana_2.mp4,-1,
50,3,22.86,28.1,150,ventanas\50\ventana_3.mp4,-1,
50,4,28.1,33.3,150,ventanas\50\ventana_4.mp4,-3,
50,5,33.3,38.59,150,ventanas\50\ventana_5.mp4,-2,
50,6,38.59,44.02,150,ventanas\50\ventana_6.mp4,-2,
50,7,44.02,49.36,150,ventanas\50\ventana_7.mp4,-2,
50,8,49.36,54.72,150,ventanas\50\ventana_8.mp4,-1,
50,9,54.72,60.05,150,ventanas\50\ventana_9.mp4,-2,
50,10,60.05,65.25,150,ventanas\50\ventana_10.mp4,-2,
50,11,65.25,70.48,150,ventanas\50\ventana_11.mp4,-2,
50,12,70.48,75.78,150,ventanas\50\ventana_12.mp4,-4,
50,13,75.78,81.12,150,ventanas\50\ventana_13.mp4,1,
50,14,81.12,86.42,150,ventanas\50\ventana_14.mp4,2,
50,15,86.42,91.58,150,ventanas\50\ventana_15.mp4,3,
50,16,91.58,96.98,150,ventanas\50\ventana_16.mp4,3,
50,17,96.98,102.27,150,ventanas\50\ventana_17.mp4,3,
50,18,102.27,107.68,150,ventanas\50\ventana_18.mp4,1,
50,19,107.68,112.98,150,ventanas\50\ventana_19.mp4,2,
50,20,112.98,118.18,150,ventanas\50\ventana_20.mp4,1,
50,21,118.18,123.47,150,ventanas\50\ventana_21.mp4,1,
50,22,123.47,128.86,150,ventanas\50\ventana_22.mp4,1,
50,23,128.86,134.22,150,ventanas\50\ventana_23.mp4,1,
50,24,134.22,139.66,150,ventanas\50\ventana_24.mp4,1,
51,0,0,10.19,150,ventanas\51\ventana_0.mp4,0,
51,1,10.19,15.55,150,ventanas\51\ventana_1.mp4,-1,
51,2,15.55,20.86,150,ventanas\51\ventana_2.mp4,-1,
51,3,20.86,26.16,150,ventanas\51\ventana_3.mp4,-1,
51,4,26.16,31.49,150,ventanas\51\ventana_4.mp4,0,
51,5,31.49,36.75,150,ventanas\51\ventana_5.mp4,0,
51,6,36.75,42.11,150,ventanas\51\ventana_6.mp4,0,
51,7,42.11,47.38,150,ventanas\51\ventana_7.mp4,-1,
51,8,47.38,52.69,150,ventanas\51\ventana_8.mp4,-1,
51,9,52.69,57.98,150,ventanas\51\ventana_9.mp4,-1,
51,10,57.98,63.44,150,ventanas\51\ventana_10.mp4,-1,
51,11,63.44,68.78,150,ventanas\51\ventana_11.mp4,-1,
51,13,74.21,79.54,150,ventanas\51\ventana_13.mp4,2,
51,14,79.54,84.8,150,ventanas\51\ventana_14.mp4,3,
51,15,84.8,90.03,150,ventanas\51\ventana_15.mp4,3,
51,16,90.03,95.26,150,ventanas\51\ventana_16.mp4,3,
51,17,95.26,100.7,150,ventanas\51\ventana_17.mp4,2,
51,18,100.7,105.87,150,ventanas\51\ventana_18.mp4,0,
51,19,105.87,111.2,150,ventanas\51\ventana_19.mp4,2,
51,20,111.2,116.46,150,ventanas\51\ventana_20.mp4,1,
51,21,116.46,121.73,150,ventanas\51\ventana_21.mp4,1,
51,22,121.73,127.06,150,ventanas\51\ventana_22.mp4,0,
51,23,127.06,132.22,150,ventanas\51\ventana_23.mp4,0,
51,24,132.22,137.42,150,ventanas\51\ventana_24.mp4,0,
52,0,0.01,20.46,150,ventanas\52\ventana_0.mp4,0,
52,1,20.46,25.79,150,ventanas\52\ventana_1.mp4,-1,
52,2,25.79,31.12,150,ventanas\52\ventana_2.mp4,-1,
52,3,31.12,36.35,150,ventanas\52\ventana_3.mp4,-1,
52,4,36.35,41.62,150,ventanas\52\ventana_4.mp4,-2,
52,5,41.62,46.94,150,ventanas\52\ventana_5.mp4,-1,
52,6,46.94,52.32,150,ventanas\52\ventana_6.mp4,-2,
52,8,57.78,63.18,150,ventanas\52\ventana_8.mp4,-1,
52,9,63.18,68.51,150,ventanas\52\ventana_9.mp4,-1,
52,10,68.51,73.84,150,ventanas\52\ventana_10.mp4,-1,
52,11,73.84,79.25,150,ventanas\52\ventana_11.mp4,-1,
52,12,79.25,84.54,150,ventanas\52\ventana_12.mp4,0,
52,13,84.54,89.84,150,ventanas\52\ventana_13.mp4,0,
52,14,89.84,95.2,150,ventanas\52\ventana_14.mp4,1,
52,15,95.2,100.61,150,ventanas\52\ventana_15.mp4,1,
52,16,100.61,106,150,ventanas\52\ventana_16.mp4,1,
52,17,106,111.36,150,ventanas\52\ventana_17.mp4,1,
52,18,111.36,116.67,150,ventanas\52\ventana_18.mp4,0,
52,19,116.67,122.06,150,ventanas\52\ventana_19.mp4,0,
52,20,122.06,127.49,150,ventanas\52\ventana_20.mp4,0,
52,21,127.49,132.93,150,ventanas\52\ventana_21.mp4,0,
52,22,132.93,138.26,150,ventanas\52\ventana_22.mp4,1,
52,23,138.26,143.58,150,ventanas\52\ventana_23.mp4,0,
53,0,0.01,11.39,150,ventanas\53\ventana_0.mp4,0,
53,1,11.39,17.06,150,ventanas\53\ventana_1.mp4,-1,
53,2,17.06,22.46,150,ventanas\53\ventana_2.mp4,-1,
53,3,22.46,28.02,150,ventanas\53\ventana_3.mp4,-1,
53,4,28.02,33.49,150,ventanas\53\ventana_4.mp4,-1,
53,5,33.49,38.88,150,ventanas\53\ventana_5.mp4,-2,
53,6,38.88,44.38,150,ventanas\53\ventana_6.mp4,-2,
53,7,44.38,49.86,150,ventanas\53\ventana_7.mp4,-2,
53,8,49.86,55.46,150,ventanas\53\ventana_8.mp4,-2,
53,9,55.46,61.15,150,ventanas\53\ventana_9.mp4,-1,
53,10,61.15,66.69,150,ventanas\53\ventana_10.mp4,0,
53,11,66.69,72.27,150,ventanas\53\ventana_11.mp4,-1,
53,12,72.27,77.81,150,ventanas\53\ventana_12.mp4,0,
53,13,77.81,83.38,150,ventanas\53\ventana_13.mp4,1,
53,14,83.38,88.85,150,ventanas\53\ventana_14.mp4,1,
53,15,88.85,94.27,150,ventanas\53\ventana_15.mp4,0,
53,16,94.27,99.66,150,ventanas\53\ventana_16.mp4,0,
53,17,99.66,105.07,150,ventanas\53\ventana_17.mp4,0,
53,18,105.07,110.46,150,ventanas\53\ventana_18.mp4,0,
53,19,110.46,115.87,150,ventanas\53\ventana_19.mp4,1,
53,20,115.87,121.36,150,ventanas\53\ventana_20.mp4,1,
53,21,121.36,126.83,150,ventanas\53\ventana_21.mp4,0,
53,22,126.83,132.26,150,ventanas\53\ventana_22.mp4,0,
53,23,132.26,137.76,150,ventanas\53\ventana_23.mp4,-1,
54,0,0.01,11.23,150,ventanas\54\ventana_0.mp4,0,
54,1,11.23,16.56,150,ventanas\54\ventana_1.mp4,-2,
54,2,16.56,21.76,150,ventanas\54\ventana_2.mp4,-1,
54,3,21.76,26.93,150,ventanas\54\ventana_3.mp4,0,
54,4,26.93,32.16,150,ventanas\54\ventana_4.mp4,-2,
54,5,32.16,37.42,150,ventanas\54\ventana_5.mp4,-1,
54,6,37.42,42.75,150,ventanas\54\ventana_6.mp4,-3,
54,7,42.75,47.89,150,ventanas\54\ventana_7.mp4,-1,
54,8,47.89,53.15,150,ventanas\54\ventana_8.mp4,-1,
54,9,53.15,58.62,150,ventanas\54\ventana_9.mp4,-2,
54,10,58.62,63.89,150,ventanas\54\ventana_10.mp4,-1,
54,11,63.89,69.18,150,ventanas\54\ventana_11.mp4,-2,
54,12,69.18,74.45,150,ventanas\54\ventana_12.mp4,-3,
54,13,74.45,79.84,150,ventanas\54\ventana_13.mp4,0,
54,14,79.84,85.18,150,ventanas\54\ventana_14.mp4,2,
54,15,85.18,90.48,150,ventanas\54\ventana_15.mp4,3,
54,16,90.48,95.84,150,ventanas\54\ventana_16.mp4,2,
54,17,95.84,101.1,150,ventanas\54\ventana_17.mp4,1,
54,18,101.1,106.27,150,ventanas\54\ventana_18.mp4,0,
54,19,106.27,111.54,150,ventanas\54\ventana_19.mp4,1,
54,20,111.54,116.8,150,ventanas\54\ventana_20.mp4,1,
54,21,116.8,121.97,150,ventanas\54\ventana_21.mp4,1,
54,22,121.97,127.17,150,ventanas\54\ventana_22.mp4,1,
54,23,127.17,132.43,150,ventanas\54\ventana_23.mp4,1,
54,24,132.43,137.54,150,ventanas\54\ventana_24.mp4,1,
55,1,11.3,16.7,150,ventanas\55\ventana_1.mp4,-2,
55,2,16.7,22.16,150,ventanas\55\ventana_2.mp4,-1,
55,3,22.16,27.63,150,ventanas\55\ventana_3.mp4,-4,
55,4,27.63,33.06,150,ventanas\55\ventana_4.mp4,-4,
55,5,33.06,38.62,150,ventanas\55\ventana_5.mp4,-3,
55,6,38.62,43.92,150,ventanas\55\ventana_6.mp4,-4,
55,7,43.92,49.46,150,ventanas\55\ventana_7.mp4,-3,
55,8,49.46,55.06,150,ventanas\55\ventana_8.mp4,-2,
55,9,55.06,60.56,150,ventanas\55\ventana_9.mp4,-3,
55,10,60.56,66.05,150,ventanas\55\ventana_10.mp4,-1,
55,11,66.05,71.65,150,ventanas\55\ventana_11.mp4,-3,
55,12,71.65,77.12,150,ventanas\55\ventana_12.mp4,-2,
55,13,77.12,82.66,150,ventanas\55\ventana_13.mp4,1,
55,14,82.66,88.02,150,ventanas\55\ventana_14.mp4,-1,
55,15,88.02,93.62,150,ventanas\55\ventana_15.mp4,-1,
55,16,93.62,99.01,150,ventanas\55\ventana_16.mp4,1,
55,17,99.01,104.38,150,ventanas\55\ventana_17.mp4,2,
55,18,104.38,109.74,150,ventanas\55\ventana_18.mp4,1,
55,19,109.74,115.17,150,ventanas\55\ventana_19.mp4,1,
55,20,115.17,120.64,150,ventanas\55\ventana_20.mp4,1,
55,21,120.64,126.06,150,ventanas\55\ventana_21.mp4,0,
55,22,126.06,131.66,150,ventanas\55\ventana_22.mp4,1,
55,23,131.66,137.26,150,ventanas\55\ventana_23.mp4,1,
56,0,0,10.53,150,ventanas\56\ventana_0.mp4,0,
56,1,10.53,16.06,150,ventanas\56\ventana_1.mp4,-2,
56,2,16.06,21.55,150,ventanas\56\ventana_2.mp4,-2,
56,3,21.55,26.96,150,ventanas\56\ventana_3.mp4,-1,
56,4,26.96,32.38,150,ventanas\56\ventana_4.mp4,-1,
56,5,32.38,37.82,150,ventanas\56\ventana_5.mp4,-1,
56,6,37.82,43.46,150,ventanas\56\ventana_6.mp4,-2,
56,7,43.46,48.94,150,ventanas\56\ventana_7.mp4,-3,
56,8,48.94,54.38,150,ventanas\56\ventana_8.mp4,-1,
56,9,54.38,60.08,150,ventanas\56\ventana_9.mp4,-1,
56,10,60.08,65.71,150,ventanas\56\ventana_10.mp4,-1,
56,11,65.71,71.04,150,ventanas\56\ventana_11.mp4,-1,
56,12,71.04,76.61,150,ventanas\56\ventana_12.mp4,0,
56,13,76.61,81.84,150,ventanas\56\ventana_13.mp4,2,
56,14,81.84,87.5,150,ventanas\56\ventana_14.mp4,2,
56,15,87.5,92.94,150,ventanas\56\ventana_15.mp4,1,
56,16,92.94,98.53,150,ventanas\56\ventana_16.mp4,1,
56,17,98.53,104.03,150,ventanas\56\ventana_17.mp4,0,
56,18,104.03,109.3,150,ventanas\56\ventana_18.mp4,1,
56,19,109.3,114.8,150,ventanas\56\ventana_19.mp4,1,
56,20,114.8,120.26,150,ventanas\56\ventana_20.mp4,2,
56,21,120.26,125.63,150,ventanas\56\ventana_21.mp4,1,
56,22,125.63,131.33,150,ventanas\56\ventana_22.mp4,1,
56,23,131.33,136.72,150,ventanas\56\ventana_23.mp4,1,
57,0,0.01,11.17,150,ventanas\57\ventana_0.mp4,0,
57,1,11.17,16.5,150,ventanas\57\ventana_1.mp4,-3,
57,2,16.5,21.76,150,ventanas\57\ventana_2.mp4,-3,
57,3,21.76,27.23,150,ventanas\57\ventana_3.mp4,1,
57,4,27.23,32.69,150,ventanas\57\ventana_4.mp4,-2,
57,5,32.69,38.03,150,ventanas\57\ventana_5.mp4,-1,
57,6,38.03,43.3,150,ventanas\57\ventana_6.mp4,-4,
57,7,43.3,48.75,150,ventanas\57\ventana_7.mp4,1,
57,8,48.75,54.16,150,ventanas\57\ventana_8.mp4,-2,
57,9,54.16,59.7,150,ventanas\57\ventana_9.mp4,-2,
57,10,59.7,65.12,150,ventanas\57\ventana_10.mp4,-3,
57,11,65.12,70.54,150,ventanas\57\ventana_11.mp4,-2,
57,12,70.54,76.02,150,ventanas\57\ventana_12.mp4,-3,
57,15,86.72,92.08,150,ventanas\57\ventana_15.mp4,-2,
57,17,97.55,102.88,150,ventanas\57\ventana_17.mp4,1,
57,18,102.88,108.37,150,ventanas\57\ventana_18.mp4,1,
57,19,108.37,114.08,150,ventanas\57\ventana_19.mp4,3,
57,20,114.08,119.34,150,ventanas\57\ventana_20.mp4,2,
57,21,119.34,124.8,150,ventanas\57\ventana_21.mp4,1,
57,22,124.8,130.18,150,ventanas\57\ventana_22.mp4,2,
57,23,130.18,135.5,150,ventanas\57\ventana_23.mp4,2,
58,1,14.16,19.52,150,ventanas\58\ventana_1.mp4,-1,
58,4,30.29,35.65,150,ventanas\58\ventana_4.mp4,-2,
58,5,35.65,41.22,150,ventanas\58\ventana_5.mp4,-1,
58,6,41.22,46.51,150,ventanas\58\ventana_6.mp4,-2,
58,7,46.51,52.02,150,ventanas\58\ventana_7.mp4,-2,
58,8,52.02,57.54,150,ventanas\58\ventana_8.mp4,-1,
58,9,57.54,63.04,150,ventanas\58\ventana_9.mp4,-2,
58,10,63.04,68.45,150,ventanas\58\ventana_10.mp4,-1,
58,11,68.45,73.74,150,ventanas\58\ventana_11.mp4,-1,
58,14,84.64,89.84,150,ventanas\58\ventana_14.mp4,1,
58,15,89.84,95.26,150,ventanas\58\ventana_15.mp4,0,
58,16,95.26,100.53,150,ventanas\58\ventana_16.mp4,0,
58,19,111.3,116.77,150,ventanas\58\ventana_19.mp4,1,
58,20,116.77,122.16,150,ventanas\58\ventana_20.mp4,1,
58,21,122.16,127.62,150,ventanas\58\ventana_21.mp4,1,
58,22,127.62,133.22,150,ventanas\58\ventana_22.mp4,1,
59,0,0.01,11.26,150,ventanas\59\ventana_0.mp4,0,
59,1,11.26,16.5,150,ventanas\59\ventana_1.mp4,-3,
59,2,16.5,21.73,150,ventanas\59\ventana_2.mp4,-3,
59,3,21.73,27.14,150,ventanas\59\ventana_3.mp4,1,
59,4,27.14,32.43,150,ventanas\59\ventana_4.mp4,0,
59,5,32.43,37.73,150,ventanas\59\ventana_5.mp4,0,
59,6,37.73,43.14,150,ventanas\59\ventana_6.mp4,0,
59,7,43.14,48.35,150,ventanas\59\ventana_7.mp4,0,
59,8,48.35,53.82,150,ventanas\59\ventana_8.mp4,0,
59,9,53.82,59.12,150,ventanas\59\ventana_9.mp4,0,
59,10,59.12,64.5,150,ventanas\59\ventana_10.mp4,0,
59,11,64.5,69.86,150,ventanas\59\ventana_11.mp4,0,
59,12,69.86,75.06,150,ventanas\59\ventana_12.mp4,0,
59,13,75.06,80.29,150,ventanas\59\ventana_13.mp4,1,
59,14,80.29,85.62,150,ventanas\59\ventana_14.mp4,1,
59,15,85.62,90.91,150,ventanas\59\ventana_15.mp4,2,
59,16,90.91,96.14,150,ventanas\59\ventana_16.mp4,1,
59,17,96.14,101.47,150,ventanas\59\ventana_17.mp4,0,
59,18,101.47,107.01,150,ventanas\59\ventana_18.mp4,0,
59,19,107.01,112.34,150,ventanas\59\ventana_19.mp4,1,
59,20,112.34,117.74,150,ventanas\59\ventana_20.mp4,1,
59,21,117.74,123.38,150,ventanas\59\ventana_21.mp4,-1,
59,22,123.38,128.7,150,ventanas\59\ventana_22.mp4,0,
59,23,128.7,134.18,150,ventanas\59\ventana_23.mp4,0,
59,24,134.18,139.6,150,ventanas\59\ventana_24.mp4,0,
6,0,0.02,24.16,150,ventanas\6\ventana_0.mp4,0,
6,1,24.16,29.5,150,ventanas\6\ventana_1.mp4,-3,
6,2,29.5,34.82,150,ventanas\6\ventana_2.mp4,-3,
6,3,34.82,40.19,150,ventanas\6\ventana_3.mp4,-3,
6,4,40.19,45.66,150,ventanas\6\ventana_4.mp4,-3,
6,5,45.66,51.15,150,ventanas\6\ventana_5.mp4,-2,
6,6,51.15,56.59,150,ventanas\6\ventana_6.mp4,-3,
6,7,56.59,61.97,150,ventanas\6\ventana_7.mp4,-3,
6,8,61.97,67.39,150,ventanas\6\ventana_8.mp4,-2,
6,9,67.39,72.59,150,ventanas\6\ventana_9.mp4,-2,
6,10,72.59,77.98,150,ventanas\6\ventana_10.mp4,-2,
6,11,77.98,83.36,150,ventanas\6\ventana_11.mp4,-3,
6,12,83.36,88.77,150,ventanas\6\ventana_12.mp4,-1,
6,13,88.77,94.02,150,ventanas\6\ventana_13.mp4,2,
6,14,94.02,99.26,150,ventanas\6\ventana_14.mp4,3,
6,15,99.26,104.58,150,ventanas\6\ventana_15.mp4,4,
6,16,104.58,110.02,150,ventanas\6\ventana_16.mp4,3,
6,17,110.02,115.33,150,ventanas\6\ventana_17.mp4,3,
6,18,115.33,120.74,150,ventanas\6\ventana_18.mp4,2,
6,19,120.74,126.29,150,ventanas\6\ventana_19.mp4,3,
6,20,126.29,131.6,150,ventanas\6\ventana_20.mp4,3,
6,21,131.6,137.07,150,ventanas\6\ventana_21.mp4,1,
6,22,137.07,142.56,150,ventanas\6\ventana_22.mp4,1,
6,23,142.56,148,150,ventanas\6\ventana_23.mp4,1,
6,24,148,153.31,150,ventanas\6\ventana_24.mp4,0,
60,0,0.01,11.2,150,ventanas\60\ventana_0.mp4,0,
60,1,11.2,16.53,150,ventanas\60\ventana_1.mp4,-1,
60,2,16.53,21.82,150,ventanas\60\ventana_2.mp4,-1,
60,3,21.82,27.09,150,ventanas\60\ventana_3.mp4,-1,
60,4,27.09,32.43,150,ventanas\60\ventana_4.mp4,-1,
60,5,32.43,37.73,150,ventanas\60\ventana_5.mp4,-1,
60,6,37.73,43.09,150,ventanas\60\ventana_6.mp4,-2,
60,7,43.09,48.38,150,ventanas\60\ventana_7.mp4,-2,
60,8,48.38,53.62,150,ventanas\60\ventana_8.mp4,-3,
60,9,53.62,58.88,150,ventanas\60\ventana_9.mp4,-2,
60,10,58.88,64.26,150,ventanas\60\ventana_10.mp4,-1,
60,11,64.26,69.62,150,ventanas\60\ventana_11.mp4,0,
60,12,69.62,74.85,150,ventanas\60\ventana_12.mp4,-1,
60,13,74.85,80.24,150,ventanas\60\ventana_13.mp4,0,
60,14,80.24,85.5,150,ventanas\60\ventana_14.mp4,-1,
60,15,85.5,90.85,150,ventanas\60\ventana_15.mp4,-1,
60,16,90.85,96.14,150,ventanas\60\ventana_16.mp4,1,
60,17,96.14,101.47,150,ventanas\60\ventana_17.mp4,0,
60,18,101.47,106.86,150,ventanas\60\ventana_18.mp4,0,
60,19,106.86,112.06,150,ventanas\60\ventana_19.mp4,1,
60,20,112.06,117.5,150,ventanas\60\ventana_20.mp4,1,
60,21,117.5,122.74,150,ventanas\60\ventana_21.mp4,-1,
60,22,122.74,127.87,150,ventanas\60\ventana_22.mp4,-1,
60,23,127.87,133.02,150,ventanas\60\ventana_23.mp4,0,
60,24,133.02,138.34,150,ventanas\60\ventana_24.mp4,0,
61,0,0.01,11.42,150,ventanas\61\ventana_0.mp4,0,
61,1,11.42,16.72,150,ventanas\61\ventana_1.mp4,-1,
61,2,16.72,22.05,150,ventanas\61\ventana_2.mp4,-1,
61,3,22.05,27.28,150,ventanas\61\ventana_3.mp4,-1,
61,4,27.28,32.45,150,ventanas\61\ventana_4.mp4,-3,
61,5,32.45,37.62,150,ventanas\61\ventana_5.mp4,-4,
61,6,37.62,42.85,150,ventanas\61\ventana_6.mp4,-2,
61,7,42.85,48.05,150,ventanas\61\ventana_7.mp4,-4,
61,8,48.05,53.44,150,ventanas\61\ventana_8.mp4,-3,
61,9,53.44,58.78,150,ventanas\61\ventana_9.mp4,-4,
61,10,58.78,64.05,150,ventanas\61\ventana_10.mp4,-4,
61,11,64.05,69.44,150,ventanas\61\ventana_11.mp4,-4,
61,12,69.44,74.64,150,ventanas\61\ventana_12.mp4,-3,
61,13,74.64,79.78,150,ventanas\61\ventana_13.mp4,0,
61,14,79.78,85.04,150,ventanas\61\ventana_14.mp4,1,
61,15,85.04,90.27,150,ventanas\61\ventana_15.mp4,1,
61,16,90.27,95.6,150,ventanas\61\ventana_16.mp4,1,
61,17,95.6,101.04,150,ventanas\61\ventana_17.mp4,0,
61,18,101.04,106.34,150,ventanas\61\ventana_18.mp4,0,
61,19,106.34,111.66,150,ventanas\61\ventana_19.mp4,0,
61,20,111.66,116.99,150,ventanas\61\ventana_20.mp4,0,
61,21,116.99,122.13,150,ventanas\61\ventana_21.mp4,0,
61,22,122.13,127.36,150,ventanas\61\ventana_22.mp4,0,
61,23,127.36,132.53,150,ventanas\61\ventana_23.mp4,0,
61,24,132.53,137.86,150,ventanas\61\ventana_24.mp4,0,
62,0,0.01,19.26,150,ventanas\62\ventana_0.mp4,0,
62,1,19.26,24.59,150,ventanas\62\ventana_1.mp4,-1,
62,2,24.59,30,150,ventanas\62\ventana_2.mp4,-1,
62,3,30,35.7,150,ventanas\62\ventana_3.mp4,-1,
62,4,35.7,40.96,150,ventanas\62\ventana_4.mp4,-1,
62,5,40.96,46.32,150,ventanas\62\ventana_5.mp4,-2,
62,6,46.32,51.82,150,ventanas\62\ventana_6.mp4,-1,
62,7,51.82,57.28,150,ventanas\62\ventana_7.mp4,-1,
62,8,57.28,62.91,150,ventanas\62\ventana_8.mp4,-2,
62,9,62.91,68.29,150,ventanas\62\ventana_9.mp4,-1,
62,10,68.29,73.84,150,ventanas\62\ventana_10.mp4,-1,
62,11,73.84,79.22,150,ventanas\62\ventana_11.mp4,-2,
62,12,79.22,84.58,150,ventanas\62\ventana_12.mp4,-1,
62,13,84.58,89.84,150,ventanas\62\ventana_13.mp4,0,
62,14,89.84,95.28,150,ventanas\62\ventana_14.mp4,1,
62,15,95.28,100.7,150,ventanas\62\ventana_15.mp4,2,
62,16,100.7,106.03,150,ventanas\62\ventana_16.mp4,1,
62,17,106.03,111.3,150,ventanas\62\ventana_17.mp4,2,
62,18,111.3,116.61,150,ventanas\62\ventana_18.mp4,1,
62,19,116.61,121.87,150,ventanas\62\ventana_19.mp4,1,
62,20,121.87,127.14,150,ventanas\62\ventana_20.mp4,1,
62,21,127.14,132.5,150,ventanas\62\ventana_21.mp4,1,
62,22,132.5,137.7,150,ventanas\62\ventana_22.mp4,1,
62,23,137.7,143.06,150,ventanas\62\ventana_23.mp4,1,
63,0,0.15,162.5,150,ventanas\63\ventana_0.mp4,-1,
63,1,162.5,168.03,150,ventanas\63\ventana_1.mp4,-1,
63,2,168.03,173.62,150,ventanas\63\ventana_2.mp4,-1,
63,3,173.62,178.99,150,ventanas\63\ventana_3.mp4,-1,
63,4,178.99,184.42,150,ventanas\63\ventana_4.mp4,-2,
63,5,184.42,189.76,150,ventanas\63\ventana_5.mp4,-2,
63,6,189.76,194.98,150,ventanas\63\ventana_6.mp4,-3,
63,7,194.98,200.42,150,ventanas\63\ventana_7.mp4,-2,
63,8,200.42,205.98,150,ventanas\63\ventana_8.mp4,-1,
63,9,205.98,211.18,150,ventanas\63\ventana_9.mp4,-1,
63,10,211.18,216.42,150,ventanas\63\ventana_10.mp4,2,
63,11,216.42,221.68,150,ventanas\63\ventana_11.mp4,2,
63,12,221.68,227.01,150,ventanas\63\ventana_12.mp4,0,
63,13,227.01,232.3,150,ventanas\63\ventana_13.mp4,0,
63,14,232.3,237.6,150,ventanas\63\ventana_14.mp4,1,
63,15,237.6,242.83,150,ventanas\63\ventana_15.mp4,1,
63,16,242.83,248.27,150,ventanas\63\ventana_16.mp4,2,
63,17,248.27,253.66,150,ventanas\63\ventana_17.mp4,2,
63,18,253.66,258.99,150,ventanas\63\ventana_18.mp4,2,
63,19,258.99,264.34,150,ventanas\63\ventana_19.mp4,2,
63,20,264.34,269.66,150,ventanas\63\ventana_20.mp4,2,
63,21,269.66,274.93,150,ventanas\63\ventana_21.mp4,2,
7,0,0.01,12.42,150,ventanas\7\ventana_0.mp4,0,
7,1,12.42,17.76,150,ventanas\7\ventana_1.mp4,-2,
7,2,17.76,23.41,150,ventanas\7\ventana_2.mp4,-2,
7,3,23.41,28.93,150,ventanas\7\ventana_3.mp4,-2,
7,4,28.93,34.27,150,ventanas\7\ventana_4.mp4,-1,
7,5,34.27,39.86,150,ventanas\7\ventana_5.mp4,-1,
7,6,39.86,45.2,150,ventanas\7\ventana_6.mp4,-1,
7,7,45.2,50.54,150,ventanas\7\ventana_7.mp4,-1,
7,8,50.54,55.98,150,ventanas\7\ventana_8.mp4,-1,
7,9,55.98,61.36,150,ventanas\7\ventana_9.mp4,-1,
7,10,61.36,66.88,150,ventanas\7\ventana_10.mp4,-1,
7,11,66.88,72.43,150,ventanas\7\ventana_11.mp4,-2,
7,12,72.43,78.08,150,ventanas\7\ventana_12.mp4,-2,
7,13,78.08,83.58,150,ventanas\7\ventana_13.mp4,2,
7,14,83.58,88.9,150,ventanas\7\ventana_14.mp4,1,
7,15,88.9,94.48,150,ventanas\7\ventana_15.mp4,1,
7,16,94.48,99.82,150,ventanas\7\ventana_16.mp4,1,
7,17,99.82,105.3,150,ventanas\7\ventana_17.mp4,0,
7,18,105.3,110.69,150,ventanas\7\ventana_18.mp4,1,
7,19,110.69,116.16,150,ventanas\7\ventana_19.mp4,2,
7,20,116.16,121.74,150,ventanas\7\ventana_20.mp4,0,
7,21,121.74,127.09,150,ventanas\7\ventana_21.mp4,0,
7,22,127.09,132.56,150,ventanas\7\ventana_22.mp4,1,
7,23,132.56,137.9,150,ventanas\7\ventana_23.mp4,0,
8,1,61.2,66.48,150,ventanas\8\ventana_1.mp4,-2,
8,2,66.48,71.76,150,ventanas\8\ventana_2.mp4,-1,
8,3,71.76,77.17,150,ventanas\8\ventana_3.mp4,-1,
8,4,77.17,82.35,150,ventanas\8\ventana_4.mp4,-2,
8,5,82.35,87.57,150,ventanas\8\ventana_5.mp4,-1,
8,6,87.57,92.82,150,ventanas\8\ventana_6.mp4,-1,
8,7,92.82,98.16,150,ventanas\8\ventana_7.mp4,-1,
8,8,98.16,103.74,150,ventanas\8\ventana_8.mp4,-1,
8,9,103.74,109.09,150,ventanas\8\ventana_9.mp4,-2,
8,10,109.09,114.37,150,ventanas\8\ventana_10.mp4,-1,
8,11,114.37,119.68,150,ventanas\8\ventana_11.mp4,-2,
8,12,119.68,125.18,150,ventanas\8\ventana_12.mp4,-2,
8,13,125.18,130.56,150,ventanas\8\ventana_13.mp4,1,
8,14,130.56,135.78,150,ventanas\8\ventana_14.mp4,2,
8,15,135.78,141.02,150,ventanas\8\ventana_15.mp4,1,
8,16,141.02,146.34,150,ventanas\8\ventana_16.mp4,1,
8,17,146.34,151.81,150,ventanas\8\ventana_17.mp4,1,
8,18,151.81,157.2,150,ventanas\8\ventana_18.mp4,0,
8,19,157.2,162.54,150,ventanas\8\ventana_19.mp4,2,
8,20,162.54,167.92,150,ventanas\8\ventana_20.mp4,1,
8,21,167.92,173.26,150,ventanas\8\ventana_21.mp4,1,
8,22,173.26,178.58,150,ventanas\8\ventana_22.mp4,2,
8,23,178.58,183.98,150,ventanas\8\ventana_23.mp4,1,
8,24,183.98,189.44,150,ventanas\8\ventana_24.mp4,2,
9,2,14.5,19.84,150,ventanas\9\ventana_2.mp4,-2,
9,3,19.84,25.33,150,ventanas\9\ventana_3.mp4,-2,
9,4,25.33,30.54,150,ventanas\9\ventana_4.mp4,-1,
9,5,30.54,35.86,150,ventanas\9\ventana_5.mp4,-1,
9,6,35.86,41.26,150,ventanas\9\ventana_6.mp4,-1,
9,7,41.26,46.64,150,ventanas\9\ventana_7.mp4,-1,
9,8,46.64,51.98,150,ventanas\9\ventana_8.mp4,1,
9,9,51.98,57.26,150,ventanas\9\ventana_9.mp4,1,
9,10,57.26,62.54,150,ventanas\9\ventana_10.mp4,0,
9,11,62.54,67.82,150,ventanas\9\ventana_11.mp4,0,
9,12,67.82,73.04,150,ventanas\9\ventana_12.mp4,1,
9,13,73.04,78.18,150,ventanas\9\ventana_13.mp4,0,
9,14,78.18,83.36,150,ventanas\9\ventana_14.mp4,3,
9,15,83.36,88.58,150,ventanas\9\ventana_15.mp4,2,
9,16,88.58,93.92,150,ventanas\9\ventana_16.mp4,1,
9,17,93.92,99.17,150,ventanas\9\ventana_17.mp4,1,
9,18,99.17,104.34,150,ventanas\9\ventana_18.mp4,0,
9,19,104.34,109.68,150,ventanas\9\ventana_19.mp4,1,
9,20,109.68,114.99,150,ventanas\9\ventana_20.mp4,1,
9,21,114.99,120.18,150,ventanas\9\ventana_21.mp4,1,
9,22,120.18,125.42,150,ventanas\9\ventana_22.mp4,1,
9,23,125.42,130.7,150,ventanas\9\ventana_23.mp4,1,
9,24,130.7,135.95,150,ventanas\9\ventana_24.mp4,0,
